#key	style	ss_system_id	encoding
3rd Degree (USA)	lr-titles	133	lossless
7th Guest, The (USA) (Disc 1) (The Game)	sstitle	133	lossless
Accelerator (Europe)	sstitle	133	lossless
Affaire Morlov, L' (Europe) (En,Fr)	lr-titles	133	lossless
Alice in Wonderland (USA)	sstitle	133	lossless
Alien Gate (USA)	sstitle	133	lossless
Ange et le Demon, L' (France)	sstitle	133	lossless
Apprentice, The (USA)	sstitle	133	lossless
Arcade Classics (Europe)	sstitle	133	lossless
Asterix - Caesar's Challenge (Europe)	sstitle	133	lossless
Asterix - La Sfida di Cesare (Italy)	lr-titles	133	lossless
Atlantis - The Last Resort (Europe)	lr-titles	133	lossless
Axis and Allies (USA)	sstitle	133	lossless
Backgammon (USA, Europe)	sstitle	133	lossless
Battleship (World)	sstitle	133	lossless
Berenstain Bears, The - On Their Own (USA)	sstitle	133	lossless
BrainDead 13 (Europe)	lr-titles	133	lossless
Burn-Cycle (USA, Europe) (Disc 1) (The Game)	sstitle	133	lossless
CD Shoot (USA) (En,Ja,Fr,De,Es,It,Nl,Pt)	sstitle	133	lossless
Caesars World of Boxing (Europe)	sstitle	133	lossless
Caesars World of Gambling (USA, Europe)	sstitle	133	lossless
Chaos Control (USA)	sstitle	133	lossless
Christmas Country (Europe)	sstitle	133	lossless
Christmas Crisis (Europe)	sstitle	133	lossless
Clue (USA)	sstitle	133	lossless
Clue - The Mysteries Continue (USA)	sstitle	133	lossless
Compton's Interactive Encyclopedia (USA)	sstitle	133	lossless
Connect Four (USA, Europe)	sstitle	133	lossless
Creature Shock (Europe) (Disc 1)	sstitle	133	lossless
Crime Patrol (Europe)	sstitle	133	lossless
Dark Castle (USA, Europe)	sstitle	133	lossless
Defender of the Crown (USA, Europe)	sstitle	133	lossless
Dimo's Quest (USA)	sstitle	133	lossless
Domino (Netherlands)	sstitle	133	lossless
Dragon's Lair (USA)	sstitle	133	lossless
Dragon's Lair II - Time Warp (USA)	sstitle	133	lossless
Drug Wars (Europe)	sstitle	133	lossless
Earth Command (USA)	sstitle	133	lossless
Earth Rhythms (USA)	sstitle	133	lossless
Effacer (USA)	sstitle	133	lossless
Escape from CyberCity (USA, Europe)	sstitle	133	lossless
Exploring Our Solar System (USA)	sstitle	133	lossless
Family Games I (Europe)	sstitle	133	lossless
Flashback (USA)	sstitle	133	lossless
Flintstones-Jetsons Timewarp (USA)	sstitle	133	lossless
Girl's Club (USA, Europe)	sstitle	133	lossless
Gnomes (USA)	sstitle	133	lossless
Go (Spain)	sstitle	133	lossless
Golden Oldies II (Europe)	sstitle	133	lossless
Golden Oldies Jukebox (USA)	sstitle	133	lossless
Golf Tips (Europe) (En,Ja)	sstitle	133	lossless
Great Day at the Races, A (USA)	sstitle	133	lossless
Guignols de l'Info, Les ...le Jeu ! (France)	sstitle	133	lossless
Harvest of the Sun - Vincent Van Gogh Revisited (USA)	sstitle	133	lossless
Hieroglyph (Germany)	sstitle	133	lossless
Hotel Mario (USA)	sstitle	133	lossless
Inca (USA)	sstitle	133	lossless
International Tennis Open (USA) (En,Fr)	sstitle	133	lossless
Jazz Giants - From Big Band to Bossa Nova (USA, Europe)	sstitle	133	lossless
Jeopardy! (USA)	sstitle	133	lossless
Jigsaw - The Ultimate Electronic Puzzle (USA)	sstitle	133	lossless
Joker's Wild!, The (USA)	sstitle	133	lossless
Joy of Sex, The (USA)	sstitle	133	lossless
Kether (USA) (En,Fr)	sstitle	133	lossless
Kingdom - The Far Reaches (USA)	sstitle	133	lossless
Labyrinth of Crete (Europe)	sstitle	133	lossless
Laser Lords (USA)	sstitle	133	lossless
Last Bounty Hunter, The (Europe)	sstitle	133	lossless
Lemmings (USA)	sstitle	133	lossless
Lingo (Netherlands)	sstitle	133	lossless
Link - The Faces of Evil (USA)	sstitle	133	lossless
Litil Divil (USA)	sstitle	133	lossless
Lords of the Rising Sun (USA)	sstitle	133	lossless
Lost Eden (Europe) (En,Fr,De,Es,It)	sstitle	133	lossless
Lost Ride, The (Europe)	sstitle	133	lossless
Lucky Luke - The Video Game (Europe)	sstitle	133	lossless
Mad Dog II - The Lost Gold (Europe)	sstitle	133	lossless
Mad Dog McCree (USA, Europe)	sstitle	133	lossless
Magic Eraser (Germany)	sstitle	133	lossless
Making the Grade (UK)	sstitle	133	lossless
Marco Polo (Europe) (Disc 1) (The Game)	sstitle	133	lossless
Master Labyrinth (Europe) (En,Fr,De,Nl)	sstitle	133	lossless
Mega Maze (USA)	sstitle	133	lossless
Merlin's Apprentice (USA)	sstitle	133	lossless
Micro Machines (Europe)	sstitle	133	lossless
Monty Python's Invasion from the Planet Skyron (Europe)	sstitle	133	lossless
Mutant Rampage - Bodyslam (USA)	sstitle	133	lossless
Myst (Europe)	sstitle	133	lossless
Mystic Midway - Phantom Express (USA)	sstitle	133	lossless
Mystic Midway - Rest in Pieces (USA, Europe)	sstitle	133	lossless
NFL Football Trivia Challenge '94-'95 Edition (USA)	sstitle	133	lossless
NFL Football Trivia Challenge (USA)	sstitle	133	lossless
NFL Hall of Fame Football (USA)	sstitle	133	lossless
Name That Tune (USA)	sstitle	133	lossless
Noah's Ark (USA)	sstitle	133	lossless
Origami (Europe) (En,Fr,De,Nl)	sstitle	133	lossless
Othello (Europe)	sstitle	133	lossless
Pac-Panic (Europe)	sstitle	133	lossless
Palm Springs Open, The (World)	sstitle	133	lossless
Pinball (World)	sstitle	133	lossless
Power Hitter (USA)	sstitle	133	lossless
Renaissance Gallery, The (USA)	sstitle	133	lossless
Richard Scarry's Busiest Neighborhood Disc Ever! (World)	sstitle	133	lossless
Rise of the Robots (Europe)	sstitle	133	lossless
Sargon Chess (USA)	sstitle	133	lossless
Schtroumpfs, Les - Le Teleportaschtroumpf (France)	sstitle	133	lossless
Scotland Yard Interactive (Europe)	sstitle	133	lossless
Secret Mission (Europe)	sstitle	133	lossless
Shadoan (Europe)	sstitle	133	lossless
Shaolin's Road (Europe) (En,Fr)	sstitle	133	lossless
Sport Freaks (Netherlands)	sstitle	133	lossless
Steel Machine (Europe)	sstitle	133	lossless
Story Machine - Magic Tales (USA)	sstitle	133	lossless
Striker Pro (USA)	sstitle	133	lossless
Strip Poker Live (Europe) (En,It)	sstitle	133	lossless
Strip-Poker Pro (France) (En,Fr)	sstitle	133	lossless
Super Mario's Wacky Worlds (USA) (Proto) (1993-03-03)	sstitle	133	lossless
Surf City (USA)	sstitle	133	lossless
Tangram (Europe) (En,Ja,Fr,De,Es,It,Nl,Pt)	sstitle	133	lossless
Tetris (USA, Europe)	sstitle	133	lossless
Tetsuo Gaiden (Europe)	sstitle	133	lossless
Text Tiles (USA, Europe)	sstitle	133	lossless
Thunder in Paradise (USA) (Disc 1) (The Game)	sstitle	133	lossless
Time-Life Astrology (USA)	sstitle	133	lossless
Tom - Magic Picture Show (Europe) (En,Fr,Es)	sstitle	133	lossless
Ultimate Noah's Ark, The (USA)	lr-titles	133	lossless
Uncover featuring Tatjana (Europe)	sstitle	133	lossless
Vegas Girls (Europe)	sstitle	133	lossless
Video Speedway - The Ultimate Racing Experience (USA)	sstitle	133	lossless
Voyeur (USA)	sstitle	133	lossless
Wacky World of Miniature Golf with Eugene Levy, The (USA)	sstitle	133	lossless
Whack a Bubble (Europe)	sstitle	133	lossless
Who Shot Johnny Rock (USA)	sstitle	133	lossless
Wimbledon Challenge (Europe) (En,Ja,Fr,De,Es,It)	sstitle	133	lossless
Wordplay (Europe)	lr-titles	133	lossless
World Cup Golf (Europe) (En,Fr,De)	sstitle	133	lossless
Zelda - The Wand of Gamelon (USA)	sstitle	133	lossless
Zelda's Adventure (Europe)	sstitle	133	lossless
Zenith (Europe)	sstitle	133	lossless
Zombie Dinos from Planet Zeltoid (USA)	sstitle	133	lossless
