#name	crc	size	key
4 en 1 Ligne (France)	9b5e9356	4096	4 in 1 Row (Europe)
4 in 1 Row (Europe)	3bfef56b	4096	4 in 1 Row (Europe)
Alien Invaders - Plus (USA, Europe)	71ae8533	2048	Alien Invaders - Plus (USA, Europe)
Alpine Skiing (USA, Europe)	4663c4b6	2048	Alpine Skiing (USA, Europe)
Armored Encounter + Sub Chase (USA, Europe)	5ae57a8c	2048	Armored Encounter + Sub Chase (USA, Europe)
Atlantis (USA, Europe)	a7344d1f	4096	Atlantis (USA, Europe)
Attack of the Timelord (USA)	fc5a7f08	4096	Attack of the Timelord (USA)
Baseball (USA, Europe)	b07748e7	2048	Baseball (USA, Europe)
Billard Electrique (France)	54bf4750	2048	Thunderball (USA, Europe)
Billiard Americain (France)	a674ea27	2048	Pocket Billiards (USA, Europe)
Blackjack (France)	6381e402	2048	Las Vegas Blackjack (USA, Europe)
Blobbers, The (Europe)	9d72d4e9	8192	Blobbers, The (Europe)
Blockout + Breakdown (USA, Europe)	fb83171e	2048	Blockout + Breakdown (USA, Europe)
Bombardeio Submarino + Tiro ao Alvo (Brazil) (En)	b1109a09	2048	Depth Charge + Marksman (Europe)
Bowling + Basketball (USA, Europe)	084ee035	2048	Bowling + Basketball (USA, Europe)
Buraco Negro (Brazil) (En)	25874b04	8192	Buraco Negro (Brazil) (En)
Casino Slot Machine (USA, Europe)	bb6e7135	2048	Casino Slot Machine (USA, Europe)
Catch the Ball + Noughts and Crosses (Europe)	a57e1724	2048	Catch the Ball + Noughts and Crosses (Europe)
Chat et Souris (France)	61a350e6	4096	Mousing Cat, The (Europe)
Chess (Europe)	77066338	2048	Chess (Europe)
Chinese Logic (Europe)	11edf25b	2048	Chinese Logic (Europe)
Clay Pigeon (Brazil) (En)	fd179f6d	4096	Clay Pigeon (Brazil) (En)
Comando Noturno (Brazil) (En)	26517e77	8192	Comando Noturno (Brazil) (En)
Computer Golf (USA)	0f870806	2048	Computer Golf (USA)
Computer Intro (USA)	95efa98b	2048	Computer Intro (USA)
Computer Programmer (Europe)	b590cf14	2048	Computer Intro (USA)
Conflit Cosmique (Canada)	2f6e4b46	2048	Cosmic Conflict (USA)
Conquest of the World (USA, Europe)	afc093fd	4096	Conquest of the World (USA, Europe)
Cosmic Conflict (Europe)	f4c2075e	2048	Cosmic Conflict (USA)
Cosmic Conflict (Europe) (Alt)	2a5f0b2b	2048	Cosmic Conflict (USA)
Cosmic Conflict (USA)	c049e79e	2048	Cosmic Conflict (USA)
Course de Voitures + Autodrome + Cryptogramme (France)	3b24e1ee	2048	Speedway + Spin-out + Crypto-logic (USA, Europe)
Demon Attack (USA, Europe)	9bfc3e01	4096	Demon Attack (USA, Europe)
Depth Charge + Marksman (Europe)	2dcb77f0	2048	Depth Charge + Marksman (Europe)
Desafio Chines (Brazil) (En)	838a2d1e	2048	Chinese Logic (Europe)
Dynasty (USA)	dc30ad3d	2048	Dynasty (USA)
Electronic Table Soccer (USA, Europe)	89c6de2c	2048	Electronic Table Soccer (USA, Europe)
Faire du ski (France)	e129490d	2048	Alpine Skiing (USA, Europe)
Football (USA, Europe)	f9084aa3	2048	Football (USA, Europe)
Football Electronique + Hockey Electronique (France)	f00f9dba	2048	Hockey + Soccer (USA, Europe)
Freedom Fighters (USA, Europe)	54736b74	4096	Freedom Fighters (USA, Europe)
Frogger (Brazil) (En)	a57d84f3	8192	Frogger (Europe)
Frogger (Europe)	d0bc4ee6	8192	Frogger (Europe)
Golf (Europe)	14b6cc76	2048	Computer Golf (USA)
Great Wall Street Fortune Hunt, The (USA, Europe)	881ceae4	4096	Great Wall Street Fortune Hunt, The (USA, Europe)
Guerre Laser (France)	ca8ab259	2048	Invaders from Hyperspace (USA)
Gunfighter (Europe)	abe368bf	2048	Showdown in 2100 A.D. (USA)
Hockey + Soccer (USA, Europe)	39989464	2048	Hockey + Soccer (USA, Europe)
I've Got Your Number (USA, Europe)	1c8368e7	2048	I've Got Your Number (USA, Europe)
Interpol (Europe) (Proto)	69d21f8f	4096	Interpol (Europe) (Proto)
Invaders from Hyperspace (USA)	ad7a9a11	2048	Invaders from Hyperspace (USA)
Jeu de Quilles + Basket Ball (France)	a7e97958	2048	Bowling + Basketball (USA, Europe)
Jumping Acrobats (Europe)	6cebab74	2048	P.T. Barnum's Acrobats (USA)
Jumping Acrobats (Europe) (Alt)	e7b26a56	2048	P.T. Barnum's Acrobats (USA)
K.C. Munchkin (USA)	7108e058	4096	K.C. Munchkin (USA)
K.C.'s Krazy Chase (USA, Europe)	a6909a8b	4096	K.C.'s Krazy Chase (USA, Europe)
Keyboard Creations (USA)	688fad11	2048	Keyboard Creations (USA)
Killer Bees (USA)	b096654e	8192	Killer Bees (USA)
Kinder im Verkehr 1 (Germany)	9c9dddf9	2048	Verkehrsspiele 1 (Germany)
La Quete des Anneaux (France)	a21da732	4096	Quest for the Rings (USA, Europe)
Labyrinth Game, A + Supermind (Europe)	d158eeba	2048	Labyrinth Game, A + Supermind (Europe)
Las Vegas (France)	a0620082	2048	Casino Slot Machine (USA, Europe)
Las Vegas Blackjack (USA, Europe)	6f66b1f7	2048	Las Vegas Blackjack (USA, Europe)
Laser War (Europe)	17be749b	2048	Invaders from Hyperspace (USA)
Loony Balloon (Europe) (Proto)	ca23f40c	4096	Loony Balloon (Europe) (Proto)
Martian Threat (Europe) (Proto)	39e31bf0	8192	Martian Threat (Europe) (Proto)
Martian Threat (Europe) (Proto) (Alt)	335481f1	8192	Martian Threat (Europe) (Proto)
Matchmaker + Logix + Buzzword (USA)	bbf276a0	2048	Matchmaker + Logix + Buzzword (USA)
Math-A-Magic + Echo (USA, Europe)	dc5afaa2	2048	Math-A-Magic + Echo (USA, Europe)
Mathematicien + Echo (France)	0c4e4b0a	2048	Math-A-Magic + Echo (USA, Europe)
Mission Impossible (Brazil) (En) (Proto)	655fdf57	2048	Mission Impossible (Brazil) (En) (Proto)
Monkeyshines (USA, Europe)	fee664f3	4096	Monkeyshines (USA, Europe)
Morse (Europe)	2122012c	2048	Morse (Europe)
Morse (France)	510416b7	2048	Morse (Europe)
Mousing Cat, The (Europe)	f390bfec	4096	Mousing Cat, The (Europe)
Munchkin (Europe)	4a3e2dc8	4096	K.C. Munchkin (USA)
Mur Magique, Le (France)	d38153f6	2048	Blockout + Breakdown (USA, Europe)
Musician (Europe)	afb23f89	4096	Musician (Europe)
Neutron Star (Europe) (Proto)	d03efa86	8192	Buraco Negro (Brazil) (En)
Newscaster (Europe)	85dfcdd7	2048	Keyboard Creations (USA)
Nightfighter (Europe) (Proto)	7be6f1ef	8192	Comando Noturno (Brazil) (En)
Nightmare (Europe)	313547eb	8192	Nightmare (Europe)
Nimble Numbers Ned (USA)	cf2f8e7a	4096	Nimble Numbers Ned (USA)
O Malabarista + Jogo da Velha (Brazil) (En)	e39500a6	2048	Catch the Ball + Noughts and Crosses (Europe)
O Segredo do Farao (Brazil) (En)	16c574c8	4096	Secret of the Pharaohs (Europe)
Out of This World + Helicopter Rescue (USA)	0c2e4811	2048	Out of This World + Helicopter Rescue (USA)
P.T. Barnum's Acrobats (USA)	874f36a4	4096	P.T. Barnum's Acrobats (USA)
Pachinko (USA, Europe)	239df97d	2048	Pachinko (USA, Europe)
Pairs + Space Rendezvous + Logic (Europe)	a69c2c93	2048	Pairs + Space Rendezvous + Logic (Europe)
Pick Axe Pete (USA, Europe)	d62814a3	4096	Pick Axe Pete (USA, Europe)
Pinball (USA) (Proto)	6ef2471a	2048	Pinball (USA) (Proto)
Playtag (Europe) (Proto)	a29f0fd4	4096	Playtag (Europe) (Proto)
Pocket Billiards (USA, Europe)	24d53e2c	2048	Pocket Billiards (USA, Europe)
Popeye (Brazil) (En)	1b188870	8192	Popeye (Europe)
Popeye (Europe)	5216771a	8192	Popeye (Europe)
Power Lords (USA)	40ae062d	4096	Power Lords (USA)
Power Lords (USA) (Alt)	3351feda	8192	Power Lords (USA)
Prendre l'Argent et Fuir (France)	ad89f799	2048	Take the Money and Run (USA, Europe)
Q-Bert (Europe)	202f2749	8192	Q-Bert (Europe)
Quest for the Rings (USA, Europe)	9451be1e	4096	Quest for the Rings (USA, Europe)
Red Baron (Europe) (Proto)	1eeb88f5	8192	Red Baron (Europe) (Proto)
Red Baron (Europe) (Proto) (Alt)	5c4f35d3	8192	Red Baron (Europe) (Proto)
Robot City (Europe) (Proto)	ef9e9c3b	8192	Robot City (Europe) (Proto)
Samurai (Europe)	7810bad5	2048	Dynasty (USA)
Satellite Attack (Europe)	395629e1	2048	UFO (USA)
Secret of the Pharaohs (Europe)	7394e82c	2048	Secret of the Pharaohs (Europe)
Shark Hunter (Europe) (Proto)	df36683f	8192	Shark Hunter (Europe) (Proto)
Showdown in 2100 A.D. (USA)	9487c920	2048	Showdown in 2100 A.D. (USA)
Sid the Spellbinder (USA)	1b9f2f16	4096	Sid the Spellbinder (USA)
Smithereens (USA)	67069924	4096	Smithereens (USA)
Speedway + Spin-out + Crypto-logic (USA, Europe)	4eda4917	2048	Speedway + Spin-out + Crypto-logic (USA, Europe)
Spider-Man (Europe) (Proto)	35ace4e8	8192	Spider-Man (Europe) (Proto)
Spider-Man (Europe) (Proto) (Alt)	3e5f71f3	8192	Spider-Man (Europe) (Proto)
Stone Sling (Europe)	44d1a8a5	2048	Smithereens (USA)
Super Bee (Brazil) (En)	02743352	4096	Super Bee (Europe)
Super Bee (Europe)	9585d511	4096	Super Bee (Europe)
Super Cobra (Brazil) (En)	e58aa0ac	8192	Super Cobra (Europe)
Super Cobra (Europe)	95936b07	8192	Super Cobra (Europe)
Take the Money and Run (USA, Europe)	11ff50ad	2048	Take the Money and Run (USA, Europe)
Thunderball (USA, Europe)	2c9d1715	2048	Thunderball (USA, Europe)
Turtles (Europe)	1c750349	8192	Turtles (USA)
Turtles (USA)	9e42e766	8192	Turtles (USA)
Tutankham (Europe) (Proto)	0b2deb61	8192	Tutankham (Europe) (Proto)
Type & Tell (USA)	b936bd78	4096	Type & Tell (USA)
UFO (USA)	2b1e9e19	2048	UFO (USA)
Verkehrsspiele 1 (Germany)	45e62222	2048	Verkehrsspiele 1 (Germany)
Verkehrsspiele 2 (Germany)	69893f7f	2048	Verkehrsspiele 2 (Germany)
Volleyball (USA, Europe)	d3b09fec	2048	Volleyball (USA, Europe)
Volleyball Electronique (France)	551e38a2	2048	Volleyball (USA, Europe)
Wall Street (Brazil) (En)	228842df	4096	Great Wall Street Fortune Hunt, The (USA, Europe)
War of Nerves (USA, Europe)	58fa6766	2048	War of Nerves (USA, Europe)
