#key	name	year	genre	developer	players
2010 - The Graphic Action Game (USA)	2010 - The Graphic Action Game	1984	Strategy	Nuvatec	1
A.E. (USA) (Proto)	A.E. : Anti-Environment Encounter	2012	Shoot'em Up	Programmers-3	1-2
Activision Decathlon, The (USA)	Decathlon	1983	Sports / Multisports/Sports	Activision	1
Adam's Musicbox Demo (USA) (Demo)	ZZZ(notgame):Adam's Musicbox Demo	1987	Various	Coleco Industries	1
Alcazar - The Forgotten Fortress (USA)	Alcazar - The Forgotten Fortress	1985	Adventure	Activision	1
Alphabet Zoo (USA)	Alphabet Zoo	1984	Various/Educational	Spinnaker Software	1-2
Amazing Bumpman (USA)	Amazing Bumpman	1984	Puzzle	VSS	1
Antarctic Adventure (USA, Europe)	Antarctic Adventure	1984	Action	Konami	1
Aquattack (USA)	Aquattack	1984	Shooter	Interphase Technologies	1
Artillery Duel (USA)	Artillery Duel	1983	Strategy	Xonox	1-2
BC's Quest for Tires (USA)	BC's Quest for Tires	1983	Platform	Sydney Development	1
BC's Quest for Tires II - Grog's Revenge (USA)	B.C. II: Grog's Revenge	1984	Racing, Driving	Sydney Development	1-2
Beamrider (USA)	Beamrider	1983	Shoot'em Up	Action Graphics	1-4
Berenstain Bears, The (USA) (Demo)	The Berenstain Bears	1984	Educational	Coleco Industries	1
Blockade Runner (USA)	Blockade Runner	1984	Shoot'em Up	Interphase Technologies	1
Boulder Dash (USA)	Boulder Dash	1984	Action / Labyrinth/Action	First Star Software	1
Brain Strainers (USA)	Brain Strainers	1984	Music and Dancing	Carousel Software	1-2
Buck Rogers - Planet of Zoom (USA, Europe)	Buck Rogers : Planet Of Zoom	1984	Shoot'em Up	Coleco Industries	1-2
Bump 'n' Jump (USA, Europe)	Bump 'n' Jump	1984	Racing, Driving	Data East	1-2
BurgerTime (USA, Europe)	Burgertime	1984	Platform	Nice Ideas	1-2
Cabbage Patch Kids - Adventures in the Park (USA, Europe)	Cabbage Patch Kids - Adventures in the Park	1984	Platform	Konami	1-2
Cabbage Patch Kids - Picture Show (USA)	Cabbage Patch Kids Picture Show	1984	Various / Print Club/Various	Coleco Industries	1-2
Campaign '84 (USA)	Campaign '84	1983	Simulation	Sunrise Software	1-2
Carnival (USA, Europe)	Carnival	1982	Shooter / Space Invaders Like/Shooter	Coleco Industries	1-2
CAT S.O.S. Game, The (USA) (Promo)	The Cat S.O.S. Game	1983	Build And Management/Simulation	Nuvatec	1
Centipede (USA)	Centipede	1983	Shooter / Space Invaders Like/Shooter	Atari	1-2
Choplifter! (USA)	Choplifter!	1984	Shoot'em Up / Horizontal/Shoot'em Up	Coleco Industries	1
Chuck Norris - Superkicks (USA)	Chuck Norris Superkicks	1983	Fighting/Action	Xonox	1-2
ColecoVision Monitor Test (USA, Europe)	ZZZ(notgame):Colecovision Monitor Test		Various	Coleco Industries	1
Congo Bongo (USA)	Congo Bongo	1984	Platform	Coleco Industries	1-2
Cosmic Avenger (USA, Europe)	Cosmic Avenger	1982	Shoot'em Up / Horizontal/Shoot'em Up	Gordon Martin & Associates	1-2
Cosmic Crisis (Europe)	Cosmic Crisis	1983	Platform	Bit	1-2
Dam Busters, The (USA)	The Dam Busters	1984	Shooter / FPV/Shooter	Coleco Industries	1
Dance Fantasy (USA)	Dance Fantasy	1984	Dancing/Music and Dancing	Fisher-Price	1
Defender (USA)	Defender	1983	Shoot'em Up / Horizontal/Shoot'em Up	Williams Electronics	1-2
Destructor (USA, Europe)	Destructor	1984	Racing, Driving	Coleco Industries	1
Dig Dug (USA) (Proto)	Dig Dug	1984	Action / Labyrinth/Action	Atarisoft	1-2
Donkey Kong (USA)	Donkey Kong	1982	Platform	Coleco Industries	1-2
Donkey Kong Junior (USA, Europe)	Donkey Kong Junior	1983	Platform	Coleco Industries	1-2
Dr. Seuss - Fix-Up the Mix-Up Puzzler (USA)	Dr. Seuss's Fix-up The Mix-up Puzzler	1984	Puzzle	Coleco Industries	1
Dragon's Lair (USA) (Proto)	Dragon's Lair	2012	Action / Adventure/Action	Magicom	1
Dragonfire (USA)	DragonFire	1984	Action / Adventure/Action	Imagic	1-2
Dukes of Hazzard, The (USA)	The Dukes of Hazzard	1984	Racing, Driving	Coleco Industries	1-2
Energy Quiz (Canada) (En,Fr-CA) (1983-06-06) (Proto)	Energy Quiz	1982	Strategy	Sydney Development	2
Escape from the Mindmaster (USA) (Proto)	Escape from the Mind Master	1983	Puzzle/Adventure	Starpath	1
Evolution (Canada)	Evolution	1983	Action / Labyrinth/Action	Sydney Development	1
Facemaker (USA)	Facemaker	1983	Educational	Spinnaker Software	1
Fall Guy (USA) (Proto)	Fall Guy	1983	Racing, Driving	20th Century Fox	1
Fathom (USA)	Fathom	1983	Action / Adventure/Action	Imagic	1
Final Test Cartridge (USA)	ZZZ(notgame):Final Test Cartridge		Various	Coleco Industries	1
Fireman (USA) (Proto)	Fireman	1984	Shooter/Platform	Nice Ideas	1-2
Flipper Slipper (USA, Europe)	Flipper Slipper	1983	Action / Breakout games/Action	Spectravision	1-2
Fortune Builder (USA)	Fortune Builder	1984	Simulation	Circuits and Systems	1-2
Fraction Fever (USA)	Fraction Fever	1983	Educational	Tom Snyder Productions	1
Frantic Freddy (USA)	Frantic Freddy	1983	Shooter	Spectravideo	1-2
Frenzy (USA, Europe)	Frenzy	1983	Shooter / Top view/Shooter	Coleco Industries	1-2
Frogger (USA)	Frogger	1983	Platform	Parker Brothers	1-2
Frogger II - ThreeeDeep! (USA)	Frogger II : Threeedeep!	1984	Platform	Parker Brothers	1
Front Line (USA, Europe) (Standard Controller)	Frontline	1983	Shooter / Run and Gun/Shooter	Taito	1-2
Galaxian (USA)	Galaxian	1984	Shooter / Space Invaders Like/Shooter	Namco	1-2
Gateway to Apshai (USA, Europe)	Gateway to Apshai	1984	Role Playing Game	The Connelley Group	1
Gorf (USA, Europe)	Gorf	1983	Shooter / Space Invaders Like/Shooter	CBS Electronics	1-2
Gust Buster (USA)	Gust Buster	1983	Platform/Action / Adventure/Action	VSS	1
Gyruss (USA)	Gyruss	1984	Shooter / Run and Gun/Shooter	Parker Brothers	1-2
H.E.R.O. - Helicopter Emergency Rescue Operation (USA)	H.E.R.O. - Helicopter Emergency Rescue Operation	1984	Adventure	Activision	1-2
Heist, The (USA)	The Heist	1983	Platform	Livesay Computer Games	1-2
Illusions (USA)	Illusions		Puzzle	Nice Ideas	1-2
It's Only Rock 'N' Roll (USA)	It's Only Rock 'n' Roll	1984	Build And Management/Simulation	Emag Software	1
James Bond 007 (USA)	James Bond 007	1984	Platform / Shooter Scrolling/Platform	Parker Brothers	1-2
Joust (USA) (Proto)	Joust	2014	Platform / Run & Jump/Platform	Mike Hendricks	1-2
Jukebox (USA)	Juke Box	1984	Music/Music and Dancing/Strategy	Spinnaker Software	1-2
Julius Erving and Larry Bird Go - One-on-One (USA)	One-on-One	1985	Sports / Basketball/Sports	Micro Fun	1-2
Jumpman Junior (USA, Europe)	Jumpman Junior	1984	Platform	Epyx	1-4
Jungle Hunt (USA)	Jungle Hunt	1984	Platform / Run & Jump Scrolling/Platform	Taito	1-2
Ken Uston Blackjack-Poker (USA, Europe)	Ken Uston Blackjack-Poker	1982	Casino / Cards/Strategy/Casino	Coleco Industries	1-4
Keystone Kapers (USA)	Keystone Kapers	1984	Platform / Run & Jump/Platform	Activision	1-2
Lady Bug (USA, Europe)	Lady Bug	1982	Action / Labyrinth/Action	Universal	1-2
Learning with Leeper (USA)	Learning With Leeper	1984	Educational	Sierra	1
Linking Logic (USA)	Linking Logic	1984	Puzzle	Fisher-Price	1
Logic Levels (USA)	Logic Levels	1984	Educational	Fisher-Price	1
Looping (USA, Europe)	Looping	1983	Shooter / Plane/Shooter	Venture Line	1-2
Lord of the Dungeon (USA) (Beta)	Lord of the Dungeon				
M.A.S.H (Europe) (Proto)	M.A.S.H.	1983	Action / Adventure/Action	20th Century Fox	1-2
Masters of the Universe - The Power of He-Man (USA) (Proto)	Masters of the Universe : The Power of He-Man				
Matt Patrol (USA) (Proto)	Moon Patrol	1984	Platform	Irata	1
Memory Manor (USA)	Memory Manor	1984	Educational	Frieda Lekkerkerker	1
Meteoric Shower (Europe)	Meteoric Shower	1984	Shooter/Shoot'em Up	Bit	1-2
Miner 2049er Starring Bounty Bob (USA, Europe)	Miner 2049er	1983	Platform	Livesay Computer Games	1-2
Monkey Academy (USA)	Monkey Academy	1984	Various/Educational	Konami	1-2
Montezuma's Revenge (USA)	Montezuma's Revenge	1984	Platform	Parker Brothers	1
Moonsweeper (USA, Europe)	Moonsweeper	1983	Shoot'em Up	Imagic	1
Motocross Racer (USA)	Motocross Racer	1984	Racing, Driving	Xonox	1
Mountain King (USA)	Mountain King	1984		E.F. Dreyer	1
Mouse Trap (USA, Europe)	Mouse Trap	1982		Exidy	1-2
Mr. Do! (USA, Europe)	Mr. Do!	1983		Universal	1-2
Mr. Do!'s Castle (USA)	Mr. Do!'s Castle	1984		Universal	1
Nova Blast (USA, Europe)	Nova Blast	1983	Shoot'em Up / Horizontal/Shoot'em Up	Imagic	1
Oil's Well (USA)	Oil's Well	1984	Action / Labyrinth/Action	Sierra	1
Omega Race (USA, Europe)	Omega Race	1983	Shoot'em Up	Coleco Industries	1-2
Orbit (USA) (Proto)	Orbit				
Pac-Man (USA) (Proto)	Pac-Man	1984	Action / Labyrinth/Action	Atari	1-2
Pepper II (USA, Europe)	Pepper II	1983		Exidy	1-2
Pitfall II - Lost Caverns (USA)	Pitfall II : Lost Caverns	1984	Platform	Activision	1
Pitfall! (USA)	Pitfall!	1983	Platform	Activision	1
Pitstop (USA)	Pitstop	1983	Simulation	Epyx	1-4
Popeye (USA)	Popeye	1983		Nintendo	1-2
Porky's (USA) (Proto)	Porky's	1983		20th Century Fox	1
Power Lords - Quest for Volcan (USA) (Proto 2)	Power Lords - Quest for Volcan	1983		NAP Consumer Electronics	1
Q-bert (USA)	Q*bert	1993	Puzzle	D. Gottlieb & Co.	1-2
Q-bert's Qubes (USA)	Q*bert's Qubes	1984	Puzzle	Mylstar Electronics	1-2
Quest for Quintana Roo (USA)	Quest for Quintana Roo	1983	Adventure	VSS	1
River Raid (USA)	River Raid	1984	Shoot'em Up / Vertical/Shoot'em Up	Activision	1-2
Robin Hood (USA)	Robin Hood	1984		Xonox	1-2
Roc 'N Rope (USA, Europe)	Roc 'n Rope	1984	Platform / Run & Jump/Platform	Konami	1-2
Rock n' Bolt (USA)	Rock 'n Bolt	1984		Activision	1-2
Rocky - Super Action Boxing (USA, Europe)	Rocky - Super Action Boxing	1983	Sports / Boxing/Sports	Coleco Industries	1-2
Rolloverture (USA)	Rolloverture	1983	Strategy	Sunrise Software	1
Root Beer Tapper (USA)	Tapper	1984	Strategy	Coleco Industries	1-2
Sammy Lightfoot (USA)	Sammy Lightfoot	1983		Sierra	1-2
Sector Alpha (USA)	Sector Alpha	1983		Spectravision	1
Sewer Sam (USA)	Sewer Sam	1984		Interphase Technologies	1-2
Sir Lancelot (USA)	Sir Lancelot	1983		Xonox	1-2
Skiing (USA)	Skiing	1986	Sports / Skiing/Sports	Telegames	1-4
Slither (USA, Europe)	Slither	1983		Coleco Industries	1
Slurpy (USA)	Slurpy	1984		Emag	1
Smurf - Paint 'n' Play WORKSHOP (USA, Europe)	Smurf: Paint 'n' Play Workshop	1984	Various/Educational	Coleco Industries	1-2
Smurf - Rescue in Gargamel's Castle (USA, Europe)	Smurf Rescue in Gargamel's Castle	1982		Coleco Industries	1-2
Smurfs Save the Day (USA) (Demo)	Smurfs Save the Day				
Space Fury (USA, Europe)	Space Fury	1983	Shoot'em Up	SEGA	1-2
Space Panic (USA, Europe)	Space Panic	1983	Platform / Run & Jump/Platform	Universal	1-2
Spectron (USA)	Spectron	1983	Shooter / Space Invaders Like/Shooter	Spectravideo	1-2
Spy Hunter (USA)	Spy Hunter	1984	Racing, Driving	Coleco Industries	1-2
Squish'em Featuring Sam (USA)	Squish'em Featuring Sam	1984		Sirius	1
Star Fire (USA) (Proto)	Star Fire			Chris Oberth	1
Star Trek - Strategic Operations Simulator (USA)	Star Trek : Strategic Operations Simulator	1984	Shooter / Vehicle, FPV/Shooter	SEGA	1-2
Star Wars - The Arcade Game (USA)	Star Wars : The Arcade Game	1984	Shooter / Plane, FPV/Shooter	Imagic	1
Steamroller (USA) (Proto)	Steamroller	2000	Strategy	Cheshire Engineering	1-2
Strike It! (Europe)	Strike It!	1986	Action / Breakout games/Action	Telegames	1
Subroc (USA, Europe)	Subroc	1983	Shoot'em Up	Coleco Industries	1
Super Action Baseball (USA)	Super Action Baseball	1983	Sports / Baseball/Sports	Coleco Industries	1-2
Super Action Football (USA)	Super Action Football	1984	Sports/Sports / Football (American)	Coleco Industries	1-2
Super Cobra (USA)	Super Cobra	1983	Shoot'em Up / Horizontal/Shoot'em Up	Konami	1
Super Controller Tester (USA)	ZZZ(notgame):Super Controller Tester				
Super Cross Force (USA, Europe)	Super Cross Force	1983	Shoot'em Up / Vertical/Shoot'em Up	Spectravideo	1
Super DK! (USA) (Proto)	Super DK!	1983	Platform / Run & Jump/Platform	Nintendo	1-2
Super DK! Junior (USA) (Proto)	Super DK! Junior	1983		Nintendo	1-2
Sword and the Sorcerer, The (USA) (Demo)	Sword and the Sorcerer, The				
Tank Wars (Europe)	Tank Wars	1986	Shooter	Telegames	1-2
Tarzan (USA, Europe)	Tarzan	1984	Action / Adventure/Action	Coleco Industries	1
Telly Turtle (USA)	Telly Turtle	1984	Various/Educational	Carousel Software	1
Threshold (USA)	Threshold	1983		Sierra	1
Time Pilot (USA, Europe)	Time Pilot	1983	Shooter / Plane/Shooter	Konami	1
TOMARC the Barbarian (USA)	TOMARC The Barbarian	1984		Xonox	1
Tournament Tennis (USA)	Tournament Tennis	1984	Sports / Tennis/Simulation/Sports	D&L Research	1
Tunnels & Trolls (USA) (Demo)	Tunnels & Trolls	1983		Flying Buffalo	1
Turbo (USA, Europe)	Turbo	1982	Racing, Driving	SEGA	1-2
Tutankham (USA)	Tutankham	1983		Konami	1-2
Up 'n Down (USA)	Up 'n Down	1984	Racing, Driving	Sega Enterprises	1-2
Venture (USA, Europe)	Venture	1982	Action / Labyrinth/Action	Exidy	1-2
Victory (USA)	Victory	1983		Exidy	1
Video Hustler (USA) (Proto 2)	Video Hustler	1984	Sports / Pool/Sports	Konami	1
War Room (USA)	War Room	1983	Strategy	Probe 2000	1
WarGames (USA, Europe)	War Games	1984	Strategy	Coleco Industries	1
Wing War (USA)	Wing War	1983		Imagic	1
Wizard of Id's - WizMath (USA)	Wizard Of Id's Wizmath	1984	Various/Educational	Sydney Development	1-2
Word Feud (USA)	Word Feud	1984	Educational	Xonox	1-2
Yolk's on you, The (Europe) (Proto)	The Yolks on You	1983		20th Century Fox	1-2
Zaxxon (USA, Europe)	Zaxxon	1982	Shoot'em Up / Diagonal/Shoot'em Up	Coleco Industries	1-2
Zenji (USA)	Zenji	1984	Strategy	Activision	1-2
