#key	synopsis
2010 - The Graphic Action Game (USA)	Dies ist ein Spiel, das auf dem Film 2010: The Year We Made Contact basiert. Sie sind ein Astronaut an Bord der Discovery und müssen ihre Systeme reparieren, bevor sie auf den Jupitermond Io stürzt. Die Zeit ist begrenzt, also trödeln Sie nicht, sonst wird die Discovery zerstört.
A.E. (USA) (Proto)	A.Es tödliche fliegende Strahlen von einer Außerirdischen Welt Sie jagen in schnellen Gruppen und ihr Stachel ist tödlich. Du musst sie alle mit deiner Betäubungspistole töten bevor sie dich stechen. Bleibe in Bewegung und lass dich nicht von den hinterhältigen Manövern von A.E ablenken. - Oder du wirst es nicht Überleben, um die Geschichte zu erzählen!
Activision Decathlon, The (USA)	Eine Reihe von Olympischen Spielen. Bis zu vier Spieler können nacheinander oder einzeln an den zehn verschiedenen Disziplinen eines Zehnkampfs teilnehmen. Enthalten sind der 100-Meter-Lauf, der Weitsprung, das Schießen, der Hochsprung, der 400-Meter-Lauf, der 110-Meter-Hürdenlauf, der Diskuswurf, der Stabhochsprung, der Speerwurf und der 1500-Meter-Lauf.
Alcazar - The Forgotten Fortress (USA)	In diesem Abenteuerspiel steuerst du einen Entdecker, der auf dem Weg zur Festung Alcazar ist. Um Alcazar zu erreichen, reisen Sie durch eine Festungslandschaft und müssen mehrere Gegenstände sammeln, die Sie unterwegs finden können. Sobald Sie die Alcazar-Festung betreten, müssen Sie nach der Krone suchen. Die Strategiekarte gibt Ihnen einen Überblick über die Landschaft, ihre Festungen und Ihren Standort darin. Welche Gefahren lauern in diesen mysteriösen Burgen? Welcher Weg ist schnell und sicher?
Alphabet Zoo (USA)	Alphabet Zoo ist ein Top-View-Spiel, bei dem der Spieler durch ein Labyrinth rennt und feindlichen Kreaturen aus dem Weg geht. Der Clou besteht jedoch darin, dass sich in der Mitte jedes Labyrinths eine grafische Darstellung eines Objekts befindet ... und es liegt am Spieler, die im Labyrinth verstreuten Buchstaben in der richtigen Reihenfolge einzusammeln, um den Namen des Objekts zu buchstabieren. Der Schwierigkeitsgrad kann angepasst werden, um sich auf Konsonanten, Vokale oder das gesamte Alphabet zu konzentrieren.
Amazing Bumpman (USA)	Sie helfen Amazing Bumpman dabei, sich auf dem Raster zu bewegen, indem Sie die weißen Zahlen an die richtigen Stellen in der Mitte des Rasters verschieben. Das Spiel wurde übrigens nie mit der offiziellen Box oder einer anderen Box geliefert. Es wurde nur mit der Patrone und dem Papierhandbuch geliefert.
Antarctic Adventure (USA, Europe)	Als Pinguin musst du durch die Antarktis reisen und dich zwischen den Stützpunkten durchschlagen, bevor die Zeit abläuft. Das hört sich einfach an, oder? Falsch. Eisspalten und Seeleoparden behindern Ihr Vorankommen. Sie können über die Spalten springen, aber über die Seeleoparden zu springen kann schwierig sein. Sie können den Pinguin beschleunigen oder verlangsamen, um beiden Gefahren auszuweichen. Zu den Stützpunkten gehören Australien, Frankreich, Neuseeland, die USA, Argentinien, das Vereinigte Königreich und Japan. Sie können Flaggen sammeln und Fisch essen, um Punkte zu erhalten. Wenn Sie eine blinkende Flagge sammeln, können Sie einen Propeller tragen, mit dem Sie über diese Hindernisse fliegen können.
Aquattack (USA)	Als Agent Captain Blitztek müssen Sie einen Weg durch feindliches Gebiet finden, um zu verhindern, dass die Axtoatles die Kontrolle über die Welt übernehmen. Die Mission wird abgebrochen, wenn die Verteidiger dir mehr als neun Schadenspunkte zufügen. Um Ihre Fähigkeiten als Navigator und Überlebender besser zu messen, wurde ein Spielpunktesystem entwickelt.
Artillery Duel (USA)	In diesem Spiel für zwei Spieler steuert jeder Spieler ein Artilleriegeschütz in einer Berglandschaft mit dem Ziel, den anderen Spieler zu zerstören. Die Spieler schießen abwechselnd aufeinander; In jeder Runde haben Sie eine begrenzte Zeitspanne, in der Sie den Laufwinkel und den Pulverstand einstellen können, um die Richtung und Entfernung des Schusses zu steuern. Wenn Sie sich für Ihren Schuss entscheiden, müssen Sie die aktuellen Bedingungen berücksichtigen, darunter Windgeschwindigkeit/-richtung und etwaige Berge, die Ihnen im Weg stehen könnten. Wenn Sie die Waffe Ihres Gegners erfolgreich zerstören, erhalten Sie einen Punkt, und der erste Spieler, der die festgelegte Punktzahl erreicht, gewinnt das Spiel. Es stehen mehrere Fähigkeitsstufen zur Verfügung, die die Zeit festlegen, die Sie für einen Schuss benötigen.
BC's Quest for Tires (USA)	Das süße Küken ist in Schwierigkeiten! Sie wird vom Dinosaurier gefangen gehalten und es liegt an Thor, ihm mit seinem treuen Rad zu Hilfe zu kommen. Es gibt viele Hindernisse auf dem Weg, über die Thor springen und sich ducken muss, darunter Felsen, Bäume, Flüsse, Lavagruben, Klippen und natürlich Fat Broad. Wenn Sie sich ducken, hüpft die Figur auf und ab, also ducken Sie sich nicht zu früh. BC's Quest For Tyres ist ein Side-Scrolling-Actionspiel, das in gewisser Weise an Moon Patrol erinnert und Charaktere aus dem Comic-Strip BC enthält.
BC's Quest for Tires II - Grog's Revenge (USA)	Thor hat seine Suche nach Reifen abgeschlossen. Jetzt muss er den Sinn des Lebens entdecken. Aber es wird nicht einfach sein. Der Sinn des Lebens ist verborgen; Irgendwo in einem langen Labyrinth von Bergen. Jeder Berg ist mit Muscheln bedeckt und Thor muss 100 Muscheln sammeln, um die Maut zu bezahlen und durch jeden Berg zu gelangen. Der einzige Weg nach Peter und zur Mautbrücke führt durch die „echten Gruselhöhlen“. In den Höhlen gibt es viele Muscheln, aber achten Sie auf die Stalagmiten. Lassen Sie Thors Leuchtturm hin und her fegen, um die meisten Muscheln zu erhalten. Achten Sie außerhalb der Höhle auf Grog, der Thors Muscheln rettet. Auf seiner Suche nach Muscheln und dem Sinn des Lebens war Thor auch mit Steinen, Schlaglöchern und Flugsauriern konfrontiert (sie werden sein Rad fressen).
Beamrider (USA)	Beamrider ist ein 3D-Arcade-Spiel. Sie steuern ein Raumschiff auf der Mission, 99 Sektoren des Weltraums von feindlichen Außerirdischen zu befreien. Das Raumschiff befindet sich am unteren Bildschirmrand und kann nur auf einem der fünf Strahlen anhalten. Sie sind sowohl mit Lasern als auch mit Torpedos bewaffnet. Torpedos sind stärker und können im Vergleich zu Lasern mehr Feinde zerstören, aber Sie erhalten nur drei pro Level. Um einen Sektor abzuschließen, müssen Sie fünfzehn weiße fliegende Untertassen zerstören. Nachdem alle Untertassen zerstört wurden, passiert der Sektorwächter und kann für zusätzliche Punkte zerstört werden.
Blockade Runner (USA)	Ein 3D-Shoot 'em up. Sie müssen eine Flotte von vier Handelsraumfrachtern mit lebenswichtigen Vorräten zur Erde steuern. Feindliche Außerirdische haben dich gesichtet und dich gezwungen, einen gefährlichen Asteroidengürtel zu betreten. Und jetzt müssen Sie versuchen, diesen Asteroiden auszuweichen, die Roboterminen und außerirdischen Raumschiffe zu zerstören, außerdem mit Treibstoffmangel zu kämpfen und eine Überhitzung der Deflektorschilde zu verhindern.
Boulder Dash (USA)	Du bist Rockford und musst auf der Suche nach Diamanten durch von Monstern befallene Höhlen graben. In jedem Level musst du eine bestimmte Anzahl dieser Diamanten sammeln, um ein Portal für die nächste Stufe zu öffnen. Gegner können durch herabfallende Felsbrocken zerdrückt werden, die freigesetzt werden, wenn der Boden unter ihnen entfernt oder auf leeren Boden geschoben wird. Seien Sie jedoch vorsichtig, da diese Sie auch zerdrücken können. In späteren Levels wird der Schwierigkeitsgrad durch viele Puzzle-Elemente und kürzere Zeitlimits erhöht.
Brain Strainers (USA)	Das erste Spiel ist „Follow The Leader“, bei dem ein Muster mit einem Kreis aus 4 Farben wiederholt wird. Durch das Auswendiglernen der Töne oder blinkenden Farben kann der Spieler die Sequenz wiederholen, um fortzufahren. Das zweite Spiel ist „Clef Climber“, bei dem der Spieler einen Ton hört, der einer bestimmten Musiknote entspricht und mit der Note, die er spielt, übereinstimmen muss.
Buck Rogers - Planet of Zoom (USA, Europe)	Buck Rogers: Planet of Zoom basiert lose auf den Comics von Buck Rogers und ist ein rasantes Arcade-Rennspiel, das auf einer futuristischen Rennstrecke stattfindet. Führe dein Raumschiff zwischen Pylonen und schieße andere feindliche Rennfahrer ab.
Bump 'n' Jump (USA, Europe)	Bump 'N' Jump ist ein Action-Rennspiel, das aus der Top-Down-Perspektive gespielt wird. Während Sie durch die tückischen und sich ständig verändernden Straßen rasen, werden die zahlreichen feindlichen Autos versuchen, Sie von der Straße zu stoßen. Sie müssen sicherstellen, dass Sie die Autos aus dem Weg stoßen, bevor Sie selbst angefahren werden und gegen die Seiten stoßen! Ihr Auto hat auch die Fähigkeit, ziemlich hoch zu springen, wenn Sie genug Geschwindigkeit haben. Dies ist nützlich, um über feindliche Autos zu springen, wenn zu viele im Weg sind, und muss auch verwendet werden, um Lücken in der Fahrbahn und andere Hindernisse auf der Autobahn zu überspringen. Je weiter die Level voranschreiten, desto enger wird die Straße mit mehr Hindernissen im Weg, und die Anzahl und Aggressivität der anderen Autos nimmt zu.
BurgerTime (USA, Europe)	Der Spieler schlüpft in die Rolle eines Kochs und muss Hamburger zubereiten, während er den anderen Charakteren aus dem Weg geht, die durch Essen dargestellt werden und ihn verfolgen, nämlich Eier, Würstchen und Paprika, die er vorübergehend bewegungsunfähig machen kann, indem er Pfeffer auf sie wirft (maximal drei Schüsse).
Cabbage Patch Kids - Adventures in the Park (USA, Europe)	Ihr Spieler ist ein Cabbage Patch-Kind mit Zöpfen, der einen Tag im Park verbringt. Ein Tag, an dem man auf Ranken springt, über Löcher springt und auf die richtigen Plattformen hüpft. Ein falsch platzierter Sprung führt zum Verlust eines Lebens und außerdem gibt es einige Kreaturen wie Bienen, die den Zug des Spielers beenden, wenn sie berührt werden. Es gibt mehrere Herausforderungsbildschirme mit unterschiedlichen Hinderniskombinationen.
Cabbage Patch Kids - Picture Show (USA)	Das Gameplay ist mit dem von Smurf Paint & Play Workshop identisch, da die Spieler ihre eigenen Szenen zeichnen und erstellen oder eine von vier Hintergrundszenen auswählen und mit dem Hinzufügen von ClipArt-Objekten, Möbeln und Freiformdesign beginnen können.
Campaign '84 (USA)	Der Spieler kämpft auf dem amerikanischen Kontinent dafür, Präsident der Vereinigten Staaten zu werden. Er hat nur eine begrenzte Zeit zum Spielen. Zufällige Ereignisse können auftreten. Der Spieler muss sich auf viele komische Themen konzentrieren, wie die Reduzierung der Arbeitslosigkeit in Pet Rock oder die Kontrolle von Wasserpistolen.
Carnival (USA, Europe)	Du bist auf dem Karneval und versuchst es auf der Schießbude! Ihr Ziel ist es, so viele Punkte wie möglich zu sammeln, indem Sie auf die verschiedenen Ziele schießen, bevor Ihnen die Kugeln ausgehen. Zusätzlich zu den verschiedenen vorbeischwebenden Zielen gibt es Kisten, auf die geschossen werden kann, um zusätzliche Kugeln zu erhalten. Auch vor den Enten muss man aufpassen! Von Zeit zu Zeit fliegt eine Ente herunter und frisst einige Ihrer Kugeln, wenn Sie sie nicht zuerst abschießen. Sobald das Regal von allen Zielen befreit wurde, geht es mit der nächsten Spielrunde weiter. Das Spiel endet, wenn Sie alle Kugeln aufgebraucht haben.
CAT S.O.S. Game, The (USA) (Promo)	Das Cat S.O.S.-Spiel (Caterpillar Scheduled Oil Sampling Game) wurde 1983 zusammen mit einer Colecovision jedem Katzenhändler zur Unterstützung des S.O.S.-Programms zur Verfügung gestellt. Programm. Die Kunden spielten es, während sie in der Lobby warteten. Das Spiel wurde von der Firma Nuvatec hergestellt. Es wurde nie kommerziell verkauft und war ausschließlich bei Cat-Händlern für Schwermaschinen zu finden. Das Spiel besteht aus einem Bulldozer, der herumfährt und Erde schiebt. Jeder Erdhaufen stellt einen „Auftrag“ dar. Um eine Explosion zu verhindern, müssen Sie Ölproben an den Katzenhändler schicken. Dort erfahren Sie, ob das Öl gut oder schlecht ist. Wenn Sie dies gelegentlich nicht tun, wird Ihr Öl schlecht und Ihr Bulldozer explodiert. Um das Öl zu reinigen, müssen Sie zum Katzenhändler gehen. Das Ziel des Spiels ist es, mit der Erledigung von „Jobs“ das meiste Geld zu verdienen.
Centipede (USA)	In Centipede ist der Spieler im Zauberwald gefangen. Nur mit einem Zauberstab bewaffnet, um die Insektenbewohner des Waldes abzuwehren, die den Spieler offenbar alle in kontinuierlichen Wellen angreifen. Der Spieler muss mit dem Zauberstab Funken auf sich nähernde Insekten abfeuern, um durch Drücken der Controller-Taste Punkte zu erzielen. Wenn Sie die Controller-Taste gedrückt halten, wird der Zauberstab auf Schnellschüsse eingestellt. Wenn der Spieler von einem Insekt gebissen wird, ist er vorübergehend gelähmt und verliert einen der drei Startzauberstäbe.
Choplifter! (USA)	Choplifter ist ein seitlich scrollendes Action-/Arkade-Spiel, in dem Sie das Kommando über einen Kampfhubschrauber übernehmen. Ihre Mission: Gehen Sie hinter die feindlichen Linien und retten Sie bis zu 16 Geiseln pro Level. Aber seien Sie vorsichtig, denn Panzer und feindliche Flugzeuge werden versuchen, Sie aufzuhalten - und sie werden nicht aufhören zu schießen, während Sie die Geiseln retten!
Chuck Norris - Superkicks (USA)	In diesem Actionspiel schlüpfen Sie in die Rolle von Chuck Norris auf der Suche nach einem Kloster, in dem ein wichtiger Anführer als Geisel gehalten wird. Das Spiel besteht aus mehreren verschiedenen Leveln: Zu Beginn und zwischen den Kämpfen sehen Sie einen Blick auf den Weg, der zum Kloster führt. Während du den Weg entlang gehst, wirst du auf viele Feinde stoßen. Wenn du kämpfst, rückt die Sicht näher. Durch Drücken der Taste und Bewegen des Joysticks in eine von vier Richtungen können Sie verschiedene Tritte, Schläge und Blöcke ausführen.
Congo Bongo (USA)	Eine äußerst originalgetreue Portierung des berühmten Jump-n-Run-Plattform-Arcade-Spiels. Laufen, springen und klettern Sie durch einen gefährlichen Dschungel und weichen Sie dabei verschiedenen Tieren und Projektilen aus. Enthält die Einführungsanimationen und die verschiebbaren Bildschirmübergänge der Arcade-Version.
Cosmic Avenger (USA, Europe)	Sie sind der Pilot eines Raumschiffs auf einer gefährlichen Mission über einem feindlichen außerirdischen Planeten. Ihr Ziel ist es, so viele Punkte wie möglich zu sammeln, indem Sie Ihre Raketen und Bomben einsetzen, um die verschiedenen Feinde, denen Sie begegnen, zu zerstören. Die Außerirdischen sind mit Raketen, Sperrkanonen, Torpedos, Minen, Panzern und mehr bewaffnet. Du musst so viel wie möglich zerstören, bevor sie dich zerstören!
Cosmic Crisis (Europe)	Spüren Sie die geheime Freude der Dämonen? Da die Welt so stark von diesen energiegeladenen Dämonen heimgesucht wird, scheint es, als stünde die Welt dieses Mal furchtbar vor der Überlebenskrise. Vor Ihnen stehen die härtesten Feinde und Sie können sich ganz auf sich selbst verlassen. Aber keine Kämpfe, das würde dir nichts nützen; Die einzige Chance ist der Hammer in deiner Hand und die Intelligenz in deinem Kopf. Habe es? Gut, jetzt fangen Sie an und erringen Sie einen schönen Sieg!
Dam Busters, The (USA)	Dam Busters spielt während des Zweiten Weltkriegs. Der Schwerpunkt liegt auf den „Dam Busters“, mit denen strategische Ziele bombardiert wurden. Die Aufgabe ist nicht einfach, denn unterwegs werden Sie auf verschiedene Oppositionskräfte treffen. Glücklicherweise ist Ihr Flugzeug mit Maschinengewehren (links und rechts) mit unbegrenzter Munition ausgestattet.
Dance Fantasy (USA)	Es stehen acht Tanzschritte zur Auswahl und unzählige Möglichkeiten, sie zusammenzustellen. Sie entscheiden, wie lange Ihr Tanz dauert, wohin sich die Tänzer bewegen und wie sie zusammen tanzen. Und das schafft die Freiheit, die Kinder brauchen, um ihrer Fantasie freien Lauf zu lassen und ihre eigenen besonderen Kunstwerke zu schaffen.
Defender (USA)	Defender übertrug den Spielern die Verantwortung für ein Schiff, das die Menschheit vor einer Welle nach der anderen angreifender außerirdischer Streitkräfte schützen soll. Bewaffnet mit „intelligenten Bomben“ und der Fähigkeit, den Hyperraum zu nutzen, um sich schnell um den Planeten zu bewegen, muss das Spielerschiff gegen Bomber, Pods, Schwärmer, Köder und Lander kämpfen – die die Humanoiden einfangen und in tödliche und unerbittliche Mutanten verwandeln können . Gelingt es nicht, die Humanoiden vor dem freien Fall oder der Mutantentransformation zu retten, wird der Planet zerstört. Eugene Jarvis' Defender gilt weithin als einer der beliebtesten und fesselndsten Weltraum-Shooter der frühen 1980er Jahre.
Destructor (USA, Europe)	Ihr Schiff landet in der feindlichen Stadt Araknid, um wertvolle Kristalle zu sammeln, die das Land dringend benötigt. Deine Ausrüstung: das leistungsstarke Ram-Car. Berühre mit deinem Ram-Car die Kristalloide und verwandle sie in wertvolle Kristalle! Aber achten Sie auf die tödlichen Zerstörer und Insektoiden, die die Krystaloiden beschützen!
Dig Dug (USA) (Proto)	Dig Dug wurde als Arcade Spiel 1982 von Namco veröffentlicht. Das beliebte Spiel mit einfachen Konzept wurde auf viele Konsolen und Heimcomputer (z. B. C64) portiert. Dig Dugs Spielziel ist es, höhlenbewohnende Monster zu vernichten. Es gibt zwei Gegner: Pooka und Fygar Der Spieler steuert einen tunnelgrabenden Bergmann, der sein Leben lässt, wenn er von einem Monster erwischt, von Fygars Feuer verbrannt oder von einem herabfallenden Stein erschlagen wird. Man muss viermal mit dem Feuerknopf pumpen, um ein Monster platzen zu lassen. Halb aufgeblasene Monster erholen sich nach einigen Sekunden wieder, sind bis dahin aber gelähmt. Das Spiel läuft in einer Schleife. Der jeweils letzte Feind versucht an der Erdoberfläche links aus dem Bild zu laufen. Der Level wird durch Blumen in der rechten oberen Ecke repräsentiert. In jedem Folgelevel steigen Anzahl und Geschwindigkeit der Gegner
Donkey Kong (USA)	In diesem Plattformspiel liegt es an Ihnen, den Fässern auszuweichen, um Ihre Verlobte zu retten, die von einem bösen Gorilla entführt wurde. Beachten Sie das Erscheinen des berühmten Klempners Mario, der später die Super Mario-Serie von Nintendo hervorbrachte.
Donkey Kong Junior (USA, Europe)	Der Spieler spielt Donkey Kong Junior, den Sohn des von Mario gefangenen Donkey Kong. Dies wird auch das erste und letzte Mal sein, dass Mario die Rolle des Bösewichts spielt. Das Spielprinzip ähnelt dem von Donkey Kong, der Spieler muss Mario an der Spitze der Plattformen erreichen. Im Vergleich zum Vorgänger bringt diese Fortsetzung ein neues Plattformelement: die Ranken. Sie müssen auch auf Krokodile achten, die sich auf ihnen bewegen. In den Levels, in denen Donkey Kong in einem Käfig eingesperrt ist, müssen Sie oben an den Ketten nach Schlüsseln suchen.
Dr. Seuss - Fix-Up the Mix-Up Puzzler (USA)	Auf dem Bildschirm sind drei Bilder von Dr. Seuss-Charakteren (wie der Katze mit dem Hut, dem Grinch und mehr ...) zu sehen, die aufrecht nebeneinander stehen. Auf Knopfdruck werden alle Teile (Kopf, Körper, Füße) auseinandergenommen und es liegt an dem Spieler, sie wieder zusammenzusetzen. Das Spielbrett wird als 3x3-Raster dargestellt. Es darf jeweils nur ein Teil „gehalten“ werden, so dass auf dem Spielfeld ein leerer Platz verbleibt, in den andere Teile des Puzzles einziehen können. In schwierigeren Levels kommen Konzepte wie Rotation in den Mix. Wenn man zwei oder drei Teile eines beliebigen Lebewesens zusammenfügt, entsteht eine animierte Rückmeldung in Form einer Bewegung. Wer alle Teile aller Kreaturen zusammenbringt, gewinnt.
Dragon's Lair (USA) (Proto)	Dragon's Lair, bekannt als der Urvater des „Quick-Time-Events“, ist ein interaktiver Zeichentrickfilm, in dem Spieler die Aktionen des tapferen Ritters Dirk dem Wagemutigen leiten können, während er sich durch das gefährliche Schloss von Singe the Dragon wagt, um seine geliebte Prinzessin zu retten Seidelbast.
Dragonfire (USA)	Die Schätze des Königs wurden gestohlen! Als kühner junger Prinz ist es dein Ziel, sie alle wiederzubekommen. Die Schätze werden in verschiedenen Schlössern aufbewahrt, die jeweils von einem Feuerdrachen bewacht werden. Jeder Level des Spiels besteht aus zwei Teilen. Zuerst müssen Sie die Zugbrücke des Schlosses überqueren. Du musst springen und den Feuerbällen der Drachen ausweichen und den fliegenden Pfeilen ausweichen, um auf die andere Seite zu gelangen! Im zweiten Teil musst du alle Schätze auf dem Bildschirm einsammeln und sie in Sicherheit bringen, während du dem Drachen ausweichst, der am unteren Bildschirmrand läuft. Die Drachen in jedem Level haben unterschiedliche Bewegungs- und Schussmuster, und im Laufe der Level werden sie immer schneller und komplizierter.
Dukes of Hazzard, The (USA)	Beim Fahren des Autos namens „General Lee“ müssen Sie allen möglichen Hindernissen ausweichen, um Jeremiah Stinge einzuholen. Hüten Sie sich davor, dass Boss Hog und seine Polizei versuchen, Sie zu verhaften.
Escape from the Mindmaster (USA) (Proto)	Der Spieler muss einem Labyrinth entkommen, das aus einer Reihe von Korridoren und Räumen besteht. Die Räume sind entweder leer, mit Rätseln oder einem Bonusspiel, mit dem der Benutzer mehr Punkte sammeln kann. Jedes Level hat sein eigenes individuelles Bonusset.
Evolution (Canada)	Evolution ist ein Actionspiel im Arcade-Stil mit sechs Levels, in dem Sie sich von einer Amöbe zu einem Menschen entwickeln müssen. Jedes Level ist eine andere Entwicklungsstufe mit eigenen, einzigartigen Zielen. Die erste Ebene ist das Amöbenstadium, in dem Sie die gesamte DNA auf dem Bildschirm verzehren und dabei den Sporen, Mikroben und Antikörpern ausweichen müssen, die Sie aufhalten wollen. Die zweite Ebene ist das Kaulquappenstadium. Die Kaulquappe muss drei Fliegen fressen, um zum nächsten Stadium zu gelangen und gleichzeitig den sehr hungrigen Fischen auszuweichen. Als nächstes folgt die Nagetierphase, in der Sie fünf Käseblöcke essen und dabei den Schlangen ausweichen müssen. In Level 4 müssen Sie einen Biber durch von Alligatoren befallene Gewässer führen, um Stöcke zu holen und einen Damm zu bauen. Das fünfte Level ist das Gorilla-Stadium, in dem Ihr Gorilla Kokosnüsse verwenden muss, um Affen abzuwehren, die versuchen, seinen Orangenvorrat zu stehlen. Und schließlich kommt die menschliche Phase, in der Sie mit einer Laserpistole Mutanten bekämpfen müssen, die versuchen, die Erde zu erobern.
Facemaker (USA)	Alle Mütter sagen immer: „Machen Sie nicht diese Grimassen! Sie werden so bleiben!“ Aber jetzt haben Sie die Chance, die albernsten Gesichter zu machen, die jemals jemand gesehen hat! Wählen Sie aus einer großen Auswahl an Augen, Ohren, Nasen und Mündern. Bringen Sie dann Ihre neu erstellten Gesichter dazu, zu blinzeln, mit den Ohren zu wackeln, zu zwinkern oder Sie zu verärgern. Sie können sogar ein Spiel vom Typ „Simon sagt …“ spielen, bei dem Ihr Gesicht eine Aktion ausführt und Sie mitmachen müssen!
Fall Guy (USA) (Proto)	Basierend auf der erfolgreichen Fernsehserie The Falling Man mit Lee Majors und Heather Thomas in den Hauptrollen. In diesem Fahrspiel müssen Sie durch die Straßen navigieren und dabei der Polizei ausweichen.
Fathom (USA)	Neptina, die Tochter von Neptun, wurde von Titanen auf dem Meeresgrund eingesperrt. Ihr Ziel ist es, sie zu retten, indem Sie die verstreuten Teile eines magischen Dreizacks finden! Sie müssen die Gestalt eines Delphins und eines Vogels annehmen, um die Teile zu finden, die im Meer und in den Wolken versteckt sind. Während des Fluges gibt es mehrere Bildschirme mit Wolken. Berühre alle Wolken und die Dreizackmünze erscheint! Andere Vögel fliegen um dich herum und du verlierst Energie, wenn du sie berührst. Unterwasser-Dreizackteile können durch Berühren der Seepferdchen gefunden werden. Kraken, Haie und ein tödliches Algenlabyrinth werden Ihnen im Weg stehen und Energie verschwenden, wenn Sie erwischt werden! Wenn Sie alle Dreizackteile haben, kann Neptinas Käfig freigeschaltet werden, aber wenn Ihnen die Energie ausgeht, ist das Spiel vorbei.
Fireman (USA) (Proto)	Ihre Mission ist es, das Wohnhaus vor Bränden zu schützen, die durch Kerzen, Bomben oder Dynamit verursacht werden. Benutzen Sie dazu einen Feuerlöscher vom Fahrzeug oder ziehen Sie einen Schlauch aus dem Hydranten. Durch Drücken eines Knopfes wird ein Wasserstrahl auf das Feuer oder die Gefahrenquelle freigesetzt. Der Feuerwehrmann darf die Gefahrenquelle nicht berühren, da sonst ein Leben verloren geht.
Flipper Slipper (USA, Europe)	Es handelt sich um ein Breakout-ähnliches Spiel mit Wasserthema und der einzigartigen Mechanik gebogener Paddel, die dazu führen können, dass der Ball von ihnen abrollt und in unkonventionellen Winkeln abprallt.
Fortune Builder (USA)	Ihre Gemeinde wird auf einer Karte mit unbebautem Land, bestehend aus einer Meeresküste und einem Strand, dargestellt. zwei Bergketten, Mittelland, ein Fluss und ein See, mit einer Hauptstraße, die nach Norden und Süden verläuft. Sie beginnen mit einem festen Bargeldbetrag, der es Ihnen ermöglicht, eine Vielzahl von Immobilien zu kaufen und zu bauen: Hotels, Eigentumswohnungen, Jachthäfen, Fabriken, Einkaufszentren, Tankstellen und zahlreiche andere Einrichtungen.
Fraction Fever (USA)	Das Ziel des Spielers ist es, mit Hilfe seines Pogo-Sticks und der Aufzüge auf jeder Etage die zwanzigste Etage zu erklimmen. Um die Aufzüge zu finden, muss der Spieler nach Bildern suchen, die dem Bruchteil entsprechen, der oben auf dem Bildschirm angezeigt wird.
Frantic Freddy (USA)	Freddy muss von links nach rechts rennen und dabei herabfallenden Trümmern ausweichen oder Gebäude erklimmen und gleichzeitig die Flammen in den Fenstern löschen. Wenn alle Lichter aus sind, geht das Spiel in die nächste Etage, wo Freddy hinaufsteigen kann. Auf diesen Ebenen gibt es zwei Arten von Flammen: rote und violette. Die Violetttöne sind aggressiver und folgen Freddy über den Bildschirm. Sie können erst ausgeschaltet werden, wenn alle Rottöne ausgeschaltet sind. Das Spiel verläuft auf diese Weise und wechselt zwischen vertikalen Schießstufen und seitlichen Schießstufen.
Frenzy (USA, Europe)	Frenzy ist die Fortsetzung von Berzerk und das Gameplay ist ähnlich. Sie werden von verschiedenen Robotern durch ein Labyrinth von Räumen gejagt und Ihr Spieler muss ihren Lasern ausweichen und sie zerstören. Es gibt eine begrenzte Zeit, die der Spieler in einem Raum bleiben kann, bevor die Roboter angreifen. In Frenzy gibt es anstelle bestimmter Wände auch Spiegel, die Ihre Schüsse abprallen lassen.
Frogger (USA)	Ihre Aufgabe in dieser Arcade-Umsetzung besteht darin, einen Frosch über eine tückische Straße und einen Fluss zu führen und ihn oben auf dem Bildschirm in Sicherheit zu bringen. Beide Abschnitte bergen eine Vielzahl von Gefahren, von denen jeder den Frosch tötet und Sie bei Kontakt das Leben kostet. Die Straße ist voller Autos und Lastwagen mit unterschiedlichen Geschwindigkeiten. Das Flusswasser selbst ist tödlich, ebenso wie die Schlangen, die auf späteren Ebenen darin herumschwirren. Frogger muss die Anordnung aus Baumstämmen, Schildkröten (die nur für kurze Zeit da sind) und Alligatoren nutzen (aber sich von ihren Gesichtern fernhalten) und dann für Extrapunkte in eine der offenen Heimzellen springen, idealerweise in eine mit einer Fliege . Sobald alle Löcher gefüllt sind, geht es zum nächsten, schwierigeren Level.
Frogger II - ThreeeDeep! (USA)	In Frogger II müssen Sie Ihren Frosch an drei verschiedenen Orten in Sicherheit bringen. Beginnen Sie unter Wasser und erreichen Sie die Spitze des Teichs, während Sie gefährlichen Alligatoren und Fischen ausweichen (zur Sicherheit können Sie auf einer Schildkröte reiten!). Oben auf dem Teich angekommen, hüpfen Sie zwischen Baumstämmen, Vögeln und sogar einem Wal zum Rettungsring, der hinter einem Schlepper herzieht. Am dritten Ort müssen Sie über einen Vogelschwarm hüpfen, um eine Wolke am oberen Bildschirmrand zu erreichen. Jeder Frosch hat ein Zeitlimit, um eines der Häuser auf jedem der drei Bildschirme sicher zu erreichen. Sie gelangen zum nächsten Level, wenn ein Frosch jedes der Häuser auf allen Bildschirmen sicher erreicht hat.
Front Line (USA, Europe) (Standard Controller)	Ihre Mission ist es, feindliches Territorium zu infiltrieren und ihre Festung zu zerstören. Um die Festung zu erreichen, müssen Sie sich einen Weg durch abwechslungsreiches und gefährliches Gelände bahnen. In jedem Gebiet gibt es zahlreiche Feinde und Panzer, die versuchen, Sie aufzuhalten. Um diese Hindernisse zu überwinden, sind Sie mit einem Maschinengewehr und Granaten bewaffnet. An bestimmten Stellen im Spiel stoßen Sie möglicherweise sogar auf einen verlassenen Panzer, den Sie steuern können. Wenn Sie das Ende des Levels erreichen und die Festung zerstören, beginnt das Spiel erneut auf einem höheren Schwierigkeitsgrad.
Galaxian (USA)	Galaxian ist ein Shoot 'em Up, bei dem sich der Spieler am unteren Bildschirmrand befindet und ein Raumschiff namens &quot;Galaxip&quot; kontrolliert, mit dem Ziel, Aliens zu beseitigen. Die Feinde erscheinen in Formation oben auf dem Bildschirm mit zwei Begleitschiffen. Der Spieler bewegt sich nach links und rechts, um auf einen Außerirdischen zu zielen, schießt dann eine Kugel und der Außerirdische, den er trifft, wird getötet. Die Aliens werden als Drohnen, Abgesandte, Hornissen und Kommandanten klassifiziert, wobei diejenigen, die sich weiter oben auf dem Bildschirm befinden, bei Zerstörung mehr Punkte erzielen. In festgelegten Intervallen bewegt sich ein Feind auf dem Bildschirm auf Sie zu und eskortiert einen Bomber Der Galaxip kann nur einen einzigen Schuss auf dem Bildschirm abfeuern und muss warten, bis er die Spitze erreicht, bevor er einen weiteren abfeuern kann. Die Bewegung der Feinde nimmt mit fortschreitendem Spiel neben der Anzahl der Schüsse, die die Feinde abfeuern, zu.
Gateway to Apshai (USA, Europe)	Aufruhr erschüttert das Land und die einzige Rettung liegt in der Magie des Tempels von Apshai. Leider ist der Standort dieses Tempels mit der Zeit verloren gegangen. Darüber hinaus wurden viele Helden, die ausgesandt wurden, um es zu suchen, getötet. Eine Legende besagt, dass nur das Blut des größten Helden von Apshai den verlorenen Tempel von Apshai zurückerobern kann. Leider ist auch dieser „größte Held“ umgekommen. Doch alle Hoffnung ist nicht verloren, denn der weise Mann Merlis hat den Sohn des Helden gefunden, dessen Blut noch immer in der Lage ist, die Prophezeiung zu erfüllen. Mit großer Eile bringt Merlis den Jungen in die Kerkergrube und überlässt ihn sich selbst. Es ist das Schicksal dieses Jugendlichen, einen sicheren Weg durch die 8 Level zu finden, von denen jeder Zugang zu 99 verschiedenen Bereichen bietet.
Gorf (USA, Europe)	Gorf ist ein Spiel ähnlich wie Space Invaders, bei dem außerirdische Schiffe in ihrer bedrohlichen Reihenformation immer näher kommen. Das Spiel selbst besteht aus vier Leveln. Wenn Sie das Spiel beenden, erhöhen Sie Ihren Rang und beginnen das Spiel auf Stufe 1 mit einer schnelleren Spielgeschwindigkeit für mehr Herausforderung.
Gust Buster (USA)	Navigieren Sie ohne Joystick durch den farbenfrohsten Vergnügungspark der Videospielwelt. Behalten Sie die Windsäcke im Auge, denn sie zeigen die Stärke und Richtung der Windböen an, die Sie durch den Park wehen werden.
Gyruss (USA)	Das gesamte Sonnensystem wird von den bösartigen Gyrusianern angegriffen und es liegt an Ihnen, den Tag zu retten! Sie müssen Ihr Raumschiff zu jedem der neun Planeten fliegen und dann drei Stufen von Feinden befreien, um diesen Planeten von den Gyrusianern zu befreien. Sie beginnen das Spiel mit einer Einzelkanone und können eine Doppelkanone erhalten, nachdem Sie einen Power-Up-Satelliten abgefeuert haben. Nach dem Abräumen jedes Planeten gibt es eine weitere Bonusstufe, in der zusätzliche Waffen und Bonuspunkte gesammelt werden können. Gyruss ist ein Arcade-Action-Shooter. Anstatt Ihr Raumschiff jedoch horizontal oder vertikal zu steuern, bewegen Sie sich kreisförmig um den Bildschirmrand. Die NES-Version von Gyruss fügt der ursprünglichen Arcade-Version zusätzliche Musik, zusätzliche Waffen, neue Feinde und einen großen Boss am Ende jedes Levels hinzu.
H.E.R.O. - Helicopter Emergency Rescue Operation (USA)	Es gibt Ärger in den Minen! Vulkanische Aktivitäten haben unzählige Minenarbeiter festgesetzt und es ist Dein Job sie zu retten. Als Roderick Hero musst du dir deinen Weg durch den gefährlichen Minenschacht bahnen, dabei gefährliche Kreaturen und Lava umgehen und herausfinden, wo sich die Minenarbeiter befinden, bevor Dir die Energie ausgeht. Um Dir dabei zu helfen hat Roderick Hero diverse hilfreiche Ausrüstungsgegenstände. Ein Prop-Pack ermöglicht es dir zu schweben und durch die Mine zu fliegen und (hoffentlich) die Gefahren darin zu umgehen. Dein Helm enthält einen Kurzstrecken-Mikrolaser der benutzt werden kann um die Fledermäuse, Spinnen, Schlangen und andere Kreaturen, die Dir in den Minen begegnen werden, zu zerstören. Von Zeit zu Zeit kann dein Weg durch die Mine durch Steine oder Lavawände blockiert sein. Du startest jede Mission mit sechs Stangen Dynamit, die benutzt werden können um diese Hindernisse zu zerstören (sei vorsichtig, dass Du dich nicht selbst in die Luft jagst!) Falls Dir das Dynamit ausgeht kann Dein Laser ebenfalls verwendet werden um die Wände zu zerstören, was allerdings länger dauert und mehr Energie verbraucht. Je weiter du voranschreitest desto länger und verwinkelter wird die Mine und es kommt immer häufiger vor, dass Kreaturen deinen Weg blockieren und Lavawände und -gruben auftreten, von denen Du Dich besser fernhälst.
Heist, The (USA)	Als Einbrecher liegt es an Ihnen, in jedem Level alle wertvollen Gemälde einzusammeln und dabei Sicherheitssystemen, Gruben und Roboterwachen auszuweichen. Jede Ebene besteht aus drei Etagen und Leitern, die sie verbinden. Du hast nur die Fähigkeit zu springen und musst dich ganz darauf verlassen, um am Leben zu bleiben.
Illusions (USA)	Illusions ist ein surreales ColecoVision-Videospiel, in dem der Spieler Kleckse über den Bildschirm manövriert und versucht, sie zu verschmelzen oder, alternativ, auseinanderzubrechen. Manchmal jagen Eidechsen die Kleckse umher. Wenn der Wassereimer verschüttet wird, kann sich die Eidechse in einen Fisch verwandeln. Bleibt der Fisch jedoch zu lange dort, verwandelt er sich in einen Vogel. Das Spiel wurde von Nice Ideas entwickelt, einer Abteilung von Mattel, die auf halbem Weg zwischen Cannes und Nizza ansässig ist.
It's Only Rock 'N' Roll (USA)	In diesem Spiel mit Texten und Grafiken muss der Spieler eine Musikgruppe gründen und versuchen, der King of Rock'n'Roll zu werden.
James Bond 007 (USA)	Sie steuern James Bond und sein Fahrzeug, das sowohl zu Land als auch zu Wasser fahren, über Hindernisse springen oder auf Feinde schießen kann. Jedes Level basiert auf einem anderen James-Bond-Film. Die enthaltenen Level sind Diamonds Are Forever, The Spy Who Loved Me, Moonraker und For Your Eyes Only. In jedem Level gibt es unterschiedliche Feinde, die versuchen, Sie zu zerstören, und ein einzigartiges Ziel, das erreicht werden muss, um fortzufahren (z. B. müssen Sie möglicherweise auf einer versteckten Bohrinsel landen, um Seraffino zu stoppen, oder Strombergs Unterwasserlabor finden und es zerstören).
Joust (USA) (Proto)	In dieser Alien-Arena ist Überleben das A und O! Nicht einmal in deinen kühnsten Träumen hättest du dir vorstellen können, dass du eines Tages auf einem Strauß in einer außerirdischen Arena reiten und gegen andere geierreitende Gladiatoren um dein Leben kämpfen würdest. Und doch sind Sie da und Ihre einzige Sorge ist jetzt das Überleben! Lenken Sie Ihren Strauß durch die Arena und schlagen Sie Ihre Gegner von oben, um sie in Eier zu verwandeln, die Sie für Extrapunkte einsammeln können. Wenn sie schlüpfen, bevor Sie sie ergreifen können, kehren sie stärker als zuvor in den Kampf zurück. Achten Sie auch auf den Pterodaktylus, der zufällig auftaucht, wenn Sie es am wenigsten erwarten, und meiden Sie die sengenden Lavagruben unten. Wie lange kannst du im Turnier bestehen?
Jukebox (USA)	JUKEBOX ist ein musikalisches Strategiespiel, das eine Art Mischung aus einem Schachspiel und einem Tanzwettbewerb darstellt. Während des Spiels spielt die Jukebox viele tolle Lieder – Lieder, die so gut sind, dass Sie nie aufhören möchten. Aber um die Musik weiterlaufen zu lassen. Du musst goldene Schallplatten erstellen. Springen Sie mit Ihren Tanzschuhen von Quadrat zu Quadrat. Erstellen Sie unterwegs Hit-Rekorde. Je mehr goldene Schallplatten Sie erhalten, desto mehr Münzen verdienen Sie. Verwenden Sie die Münzen, um zu verhindern, dass die Musik dröhnt und das Spiel nicht verstaut wird.
Julius Erving and Larry Bird Go - One-on-One (USA)	Sie steuern Julius Erving oder Larry Bird vor einem einzelnen Korb in einem Eins-gegen-Eins-Spiel. Sie können eine zu erreichende Punktzahl oder ein Zeitlimit wählen. Wenn Sie einen Fehler machen, können Sie sich umdrehen, um sich von Ihrem Gegner fernzuhalten, einen Fernschuss ausführen oder sich auf den Korb zubewegen, um ihn anzugreifen. In der Verteidigung können Sie versuchen, den Ball Ihres Gegners zu erobern oder zu springen, um seinen Schuss abzuwehren.
Jumpman Junior (USA, Europe)	Jumpman Junior ist die Fortsetzung von Jumpman und bietet ein ähnliches Gameplay mit völlig neuen Levels. Als Jumpman ist es Ihr Ziel, alle Bomben im Level zu entschärfen, bevor die Zeit abläuft. Jedes Level besteht aus einer Vielzahl von Plattformen, Leitern und Seilen, die Sie springen und erklimmen müssen, um zu den Bomben zu gelangen. Um das Spiel anspruchsvoller zu machen, wird von Zeit zu Zeit eine Kugel auf den Bildschirm abgefeuert, die dazu führt, dass Jumpman ein Leben verliert, wenn er getroffen wird. Jedes Level hat ein anderes Thema und einige bergen auch zusätzliche Gefahren. Sie werden auf tödliche Feuer, hüpfende Höllensteine, bewegliche Leitern, verschwindende Plattformen und mehr stoßen.
Jungle Hunt (USA)	Du hast die Seele eines Abenteurers. Dieses Spiel ist für Sie. Begeben Sie sich in den Dschungel und stellen Sie sich einer Horde wilder Tiere, um Ihre Verlobte zu retten. Vertikales Scrollspiel. Erster Schritt: Von Liane zu Liane springen. Schwimmen Sie dann und meiden Sie die Krokodile. Vermeiden Sie rollende Steine ​​am Hang. Befreien Sie endlich Ihre schöne Frau, die Gefangene eines Stammes ist (offensichtlich ist Essenszeit!)
Ken Uston Blackjack-Poker (USA, Europe)	ehmen Sie sich einen Stuhl und spielen Sie ein paar Runden Blackjack oder Poker. Der Mindesteinsatz beträgt 1$ und der Höchsteinsatz 499$ am BlackJack-Tisch, wohingegen am 5-Card Stud Poker-Tisch die Grenze nach oben reicht. Bis zu 4 Personen können gleichzeitig spielen, oder wenn Sie etwas schüchtern sind, können Sie jederzeit eins zu eins mit dem Dealer spielen. Apropos: Vergessen Sie nicht, Max, Ihrem Dealer, einen netten Tipp zu geben, sonst wissen Sie nie, welche Karten er in Ihrer nächsten Hand austeilen wird.
Keystone Kapers (USA)	Der berüchtigte Dieb Harry Hooligan ist auf der Flucht! Sie spielen die Rolle von Officer Keystone Kelly, der geschickt wurde, um Harry zu fangen. Harry ist in einem Einkaufszentrum gefangen und rennt so schnell er kann, um den Ausgang oben zu erreichen. Ihre Aufgabe ist es, ihn zu fangen und ins Gefängnis zu stecken. Um die Etage zu wechseln, müssen Sie die Rolltreppe oder den Aufzug nutzen. Die Rolltreppen sind möglicherweise weiter entfernt, aber der Aufzug fährt ziemlich langsam nach oben, sodass Sie entscheiden müssen, welche Route schneller zu Ihrem Ziel führt. Wenn Harry vor dir oben ankommt, musst du das Level erneut beginnen. Harry hat nicht die Absicht, es dir leicht zu machen, ihn zu fangen, und wirft alles, was er finden kann, um dich zu bremsen.
Lady Bug (USA, Europe)	Das Ziel von Lady Bug ist es, alle „Blumen“, Herzen und Buchstaben in einem Labyrinth zu essen und dabei den Insekten auszuweichen. Der Spieler wird durch eine rot-gelb-grüne Figur dargestellt, die einem Marienkäfer ähnelt, während das Aussehen der feindlichen Insekten je nach Level variiert. Der Rand des Labyrinths fungiert als Timer. In jeder Runde erscheint ein Insekt im zentralen Bereich, maximal vier. Geschwindigkeit erhöht sich auf Level 2 und 5.
Learning with Leeper (USA)	In Lunar Leeper, einem der früheren Arcade-Spiele von Sierra, mussten die Spieler Gefangene auf der Oberfläche eines Planeten retten und dabei den „Leepers“ ausweichen, die in die Luft sprangen, um sie zu ergreifen, und einer der Leepers ist in diesem Spiel enthalten. Ähnlich wie beim Lernen mit FuzzyWOMP kann der Spieler eines von vier Spielen auswählen, indem er den Leeper zum Symbol bewegt und den Feuerknopf drückt, um es auszuwählen.
Linking Logic (USA)	LINKING LOGIC ermöglicht es Kindern, ihr logisches Denken zu verbessern. und ihre Geschicklichkeit. Diese Fähigkeiten spielen eine Schlüsselrolle bei der Entwicklung der Fähigkeit eines Kindes, Probleme anzugehen und zu lösen. Ein Kind lernt, verschiedene Herangehensweisen an ein Problem zu erkennen. Planen Sie die zu ergreifenden Maßnahmen und bewerten Sie das Ergebnis einer Lösung.
Logic Levels (USA)	LOGIC LEVELS bietet Spielern die Möglichkeit, Logik und Planungsfähigkeiten auf spannende und herausfordernde Weise zu trainieren. Diese Fähigkeiten sind wichtig, um zu verstehen, wie eine Aktion etwas anderes bewirkt, und um zu lernen, wie man diese Beziehungen nutzt, um ein geplantes Ergebnis zu erzielen. In LOGISCHEN EBENEN. Die Spieler lernen, Werkzeuge im gesamten Gebäude zu positionieren, um einen Weg zu schaffen, der einen rollenden Ball an zahlreichen Preisen vorbeiführt. Aber nur eine sorgfältige und kreative Planung bringt Sie zur Höchstpunktzahl.
Looping (USA, Europe)	Ihr Ziel ist es, ein Flugzeug von der Landebahn zu einem Parkplatz zu steuern. Dazu müssen Sie mehrere Zonen passieren. Im ersten müssen Sie eine Rakete zerstören, die die Tür zum nächsten Bereich öffnet. Feindliche Ballons und Gelände stehen dir im Weg! Sobald Sie die Tür öffnen, betreten Sie ein Labyrinth aus Rohren. Hier gibt es keine Feinde, die dich zerstören wollen, aber pass auf, dass du nicht gegen die Wände stößt! Bonuspunkte erhält man, wenn man länger im Labyrinth bleibt oder schneller fliegt. Sobald Sie sich dem Ende des Labyrinths nähern, wird der Parkplatz sichtbar.
M.A.S.H (Europe) (Proto)	Sie fliegen mit Ihrem Hubschrauber durch die Bäume, nehmen die Verwundeten auf und bringen sie zurück zum 4077. MASH. Überall um dich herum ist feindliches Feuer. Du willst dich jetzt ausruhen, aber die Zeit für die Soldaten, die du gerettet hast, wird knapp.
Matt Patrol (USA) (Proto)	Steigen Sie in Ihren Mondbuggy und testen Sie Ihr Können auf einem Hindernisparcours auf dem Mond. Sie kämpfen gegen feindliche Außerirdische, springen über riesige Krater und Landminen und sprengen Mondfelsen von Ihrem Weg. Und als ob das nicht genug wäre, werden Sie auf außerirdische Panzer stoßen und Raketen, die dich in Mondstaub blasen, wenn du nicht aufpasst!
Memory Manor (USA)	Wee Willie ist Fensterputzer in einer Wohnung und möchte seine Kunden glücklich machen. Einige der Kunden heißen ihn willkommen und möchten, dass ihre Fenster gewaschen werden, während andere sich wegen seiner nassen Arbeit Sorgen machen und nicht möchten, dass er ihre Fenster putzt. Willie hat in seinem Eimer nur eine begrenzte Menge Wasser zur Verfügung, also darf er es nur für die einladenden Fensterputzkunden verschwenden. Außerdem regnet es, also muss sich Willie merken, wer wo wohnt.
Meteoric Shower (Europe)	Meteoric Shower ist im Wesentlichen ein Klon von Space Invaders, Galaxian und Galaga, führt jedoch mehrere neue Konzepte ein: Ihr Schiff kann sich in alle vier Richtungen bewegen, es dreht sich um, wenn es sich nach unten bewegt, und Feinde können sowohl von oben als auch von unten aus angreifen.
Miner 2049er Starring Bounty Bob (USA, Europe)	Der Spieler steuert Bounty Bob, einen Charakter, der in einer radioaktiven Zukunft die Tiefen einer unterirdischen Mine erkundet. Er kann beim Gehen den Boden zerkratzen und muss den verstrahlten Monstern um ihn herum ausweichen oder sie vernichten. Die Level bestehen aus Balken, Leitern, Schiebeplattformen und Teleportern. Der Spieler muss jedes Stück Boden abkratzen, um das nächste Level zu erreichen. Das Spiel hat je nach Version zehn oder elf.
Monkey Academy (USA)	Bei diesem Plattformspiel geht es darum, Rechenaufgaben zu lösen. In der Gleichung fehlt eine Zahl, Sie müssen die richtige Zahl finden. Dieses Spiel richtet sich an kleine Kinder, um ihnen das Lösen arithmetischer Probleme oder das Spielen mit Zahlen beizubringen. Manche Affen kümmern sich um ihre eigenen Angelegenheiten, wenn sie feststellen, dass in ihrer Rechenaufgabe eine Zahl fehlt. Wer hat es genommen? Ein anderer Affe, eine Krabbe? Und wo könnte es sein? Der einzige Weg, das herauszufinden, besteht darin, danach zu suchen.
Montezuma's Revenge (USA)	Sie spielen einen Schatzsucher namens Panama Joe, dessen Ziel es ist, einen alten Schatz zu finden, den ein aztekischer Krieger tief in den Katakomben versteckt hat. Aber Vorsicht, die Katakomben sind ein großes Labyrinth, das von Monstern bewohnt wird. Hüpfende und rollende Totenköpfe, tanzende Spinnen, verschwindende und wiederauftauchende Ketten und jede Menge Feuer erwarten Sie. Sie müssen viele Schlüssel finden und Türen aufschließen, um Ihr Ziel zu erreichen. Panama Joe kann springen und Leitern erklimmen, hat aber im Kampf nicht viel zu bieten. Deshalb sollte man die Monster im Spiel meiden: Eine Kollision mit einem Feind führt zu einem vorzeitigen Tod.
Moonsweeper (USA, Europe)	In Moonsweeper besteht Ihr Ziel darin, Bergleute vor den Monden im Sternquadranten Jupiter zu retten. Sie beginnen Ihre Mission im Weltraum, wo Sie in diesem Quadranten tödlichen Polarlichtern, Photonenfackeln und Weltraumgeschossen der Sonne ausweichen müssen. Von Zeit zu Zeit werden Sie einen Mond vorbeiziehen sehen, und wenn Sie in seine Nähe fliegen, können Sie zur Oberfläche hinabsteigen. Wenn Sie über die Oberfläche streichen, werden Sie gestrandete Bergleute sehen, die durch Überfliegen gerettet werden müssen. Auch auf der Oberfläche des Mondes gibt es verschiedene Hindernisse, denen man ausweichen oder die man zerstören muss, etwa Türme und Mondsatelliten sowie außerirdische Oberflächenzerstörer. Sollten Sie überleben und sechs Bergleute retten (das Maximum, das Ihr Schiff transportieren kann), können Sie mithilfe der Beschleunigerringe von der Oberfläche abheben. In diesem Quadranten gibt es verschiedene Mondtypen mit jeweils unterschiedlichen Schwierigkeitsgraden. Zur Abhilfe ist Ihr Schiff mit Photonentorpedos und Schilden ausgestattet (obwohl Sie bei Verwendung des Schildes Punkte verlieren).
Motocross Racer (USA)	Motocross Racer ist ein Radrennspiel, bei dem Sie in kürzester Zeit durch drei verschiedene Szenen rasen müssen. Jede Szene spielt an einem anderen Ort mit einer anderen Perspektive. Zuerst rasen Sie mit einem 3D-Blick hinter das Fahrrad durch die Wüste. Felsen, Kakteen, Skorpione und andere Hindernisse sollten vermieden werden, sonst kommt es zu einem Unfall und Sie verlieren wertvolle Zeit. Als nächstes rasen Sie auf einem kurvenreichen Pfad bergauf durch den Wald. Dieser Abschnitt hat eine Draufsicht und Sie verlieren Zeit, wenn Sie von der Strecke abkommen oder gegen Hindernisse stoßen. Der letzte Abschnitt des Rennens findet am Strand mit Side-Scrolling-Perspektive statt. Verschiedene Hindernisse und andere Rennfahrer werden Ihnen hier im Weg stehen! Wenn Sie zu oft abstürzen oder zu lange brauchen, ist das Spiel vorbei.
Mountain King (USA)	Tief im Inneren einer Mine für kostbare Kronendiamanten. Ihr Ziel ist es, es zu lokalisieren und zu bergen und dann lebend aus der Mine zu entkommen! Es müssen mehrere Schritte durchgeführt werden, bevor die Krone zurückgeholt werden kann. Zuerst müssen Sie genügend Diamanten sammeln, um 1.000 Punkte zu erhalten. Nachdem Sie genügend Punkte gesammelt haben, müssen Sie den Flammengeist finden, der irgendwo in der Mine versteckt ist. Da die Mine ziemlich dunkel ist, tragen Sie eine Taschenlampe bei sich, die Ihnen beim Auffinden von Gegenständen (z. B. Schatztruhen voller Diamanten und Flammengeistern) nützlich sein kann. Sobald Sie den Geist der Flamme haben, müssen Sie den Eingang zum Tempel finden , wo die Krone ist. Biete den Flammengeist dem Schädelgeist an, der den Eingang bewacht, und du kannst eintreten und die Krone nehmen. Sobald Sie die Krone haben, müssen Sie die Spitze der Mine erreichen, bevor die Zeit abläuft.
Mouse Trap (USA, Europe)	Mouse Trap ist ein Arcade-Actionspiel ähnlich wie Pac-Man. Sie steuern eine Maus in einem Labyrinth. Ihr Ziel ist es, alle Käsestücke zu essen, um Punkte zu sammeln und zum nächsten Labyrinth zu gelangen. Durch das Labyrinth schlendern mehrere Katzen, die versuchen, Sie zu fangen! Ihre Maus hat die Fähigkeit, sich vorübergehend in einen Hund zu verwandeln und die Katzen zu jagen. Dazu muss er jedoch die Hundeknochen fressen, die sich überall im Labyrinth befinden. Das Labyrinth enthält auch zahlreiche Türen. Die Maus kann diese Türen bewegen, um das Labyrinth neu zu konfigurieren und so die Katzen auszutricksen.
Mr. Do! (USA, Europe)	Der Spieler steuert einen Clown namens „Mr. Do!“. Herr Do ist in seinem Garten und möchte die Kirschen sammeln, die dort stehen. Dort tummeln sich Monster, die Mr. Do nicht in Ruhe einsammeln lassen. Wenn ein Monster Mr. Do berührt, stirbt er und der Spieler verliert ein Leben. Auf jeder Ebene wird ein Pfad durch den Garten gegraben, der vom unteren zum oberen Bildschirmrand und durch die Mitte verläuft. Monster können nur bereits gegrabene Wege nutzen. Mr. Do ist in der Lage, neue Wege zu beschreiten, allerdings auf Kosten einer langsameren Bewegungsgeschwindigkeit.
Mr. Do!'s Castle (USA)	Mr. Do!'s Castle ist ein Action-Plattformspiel, bei dem Sie sich in einem Schloss befinden, das aus mehreren Etagen besteht, von denen jede eine Vielzahl von Blöcken enthält. Sie kontrollieren Mr. Do! der Clown, der einen Hammer hat, mit dem man die Blöcke im Boden herausschlagen kann. Durch das Schloss streifen tödliche Einhörner, die ständig versuchen, Sie zu fangen. Ihr Ziel ist es, so viele Punkte wie möglich zu sammeln und durch die immer schwieriger werdenden Burgen voranzukommen.
Nova Blast (USA, Europe)	Sie müssen 4 ummauerte Städte gegen Eindringlinge verteidigen, die sowohl in der Luft als auch am Boden angreifen. Jede Stadt hat einen Schild, der einen Treffer einstecken kann. Ein zweiter Schuss zerstört die Stadt. Der Spieler steuert ein Schiff, das horizontal Laser abfeuern und vertikal Bomben abwerfen kann. Das Schiff ist außerdem mit einem Energiestrahl ausgestattet, der Energie von Panzern absorbieren und diese Energie nutzen kann, um temporäre Schutzschilde um ungeschützte Städte zu errichten. Wenn alle 4 Städte zerstört werden oder das Schiff 10 Mal in einer Runde getroffen wird, endet das Spiel.
Oil's Well (USA)	Fahren Sie mit Ihrem Ölförder-Roboterarm tief unter die Erdkruste, um Öl abzubauen und Ihre Taschen zu füllen. Aber achten Sie auf die monströsen Käfer, die auf Sie lauern – eine Berührung des Roboterarms mit ihnen und Sie verlieren ein Leben!
Omega Race (USA, Europe)	Dies ist ein Remake eines Bally-Midway-Arcade-Spiels. Sie steuern ein Raumschiff und schießen die feindlichen „Droiden“-Schiffe ab, die Sie angreifen. Ihr Schiff muss auch von Droiden abgeworfene Minen überleben – aber Sie können sie auch abschießen. Das letzte Schiff der Droidenflüge gerät in eine Spirale. Dieses Spiel hat kein Ende. Vielmehr handelt es sich um ein Spiel, bei dem Sie versuchen, die höchste Punktzahl zu erreichen oder die höchste Anzahl an Levels abzuschließen.
Pac-Man (USA) (Proto)	Pac-Man, eines der beliebtesten und einflussreichsten Spiele der 1980er Jahre, spielt einen kleinen gelben Punktmampfer, der sich durch ein Labyrinth arbeitet, um es von den verschiedenen Punkten und Früchten zu befreien, die auf dem Brett leben. Pac-Mans Ziel wird ständig von vier Geistern herausgefordert: dem schüchternen blauen Geist Bashful (&quot;Inky&quot;), dem nachlaufenden roten Geist Shadow (&quot;Blinky&quot;), dem schnellen rosa Geist Speedy (&quot;Pinky&quot;) und dem vergesslichen orangefarbenen Geist Pokey (&quot;Clyde&quot;). Eine Berührung von einem dieser Geister bedeutet für Pac-Man den Verlust eines Lebens. Pac-Man kann seinen Verfolgern den Spieß umdrehen, indem er eine der vier Power-Pills rund um das Labyrinth isst. Während dieser Zeit werden die Geister blau und Pac-Man kann sie für Bonuspunkte essen. Dies dauert nur eine begrenzte Zeit, da die Augen der Geister zurück zu ihrer mittleren Box schweben und sich regenerieren, um Pac-Man erneut zu verfolgen.
Pepper II (USA, Europe)	Dieses Spiel ist gewissermaßen ein Klon von Pacman. Tatsächlich ist sein Konzept, das auf Reißverschlüssen basiert, die Pfade und Blöcke zur Validierung ersetzen, sehr schwer zu erklären. Es gibt ein paar Feinde pro Tisch, die gefressen werden können, indem man die Blöcke mit dem Dreizack validiert (wie bei Pacman mit den Pacgums), und wir sind nicht auf einen einzigen Tisch pro Level beschränkt, sondern auf 4 (Sie können durch die Seiten des Tisches entkommen, wenn es wird zu heiß). Dieses Spiel ist eines der besten in Coleco. Das Konzept von Pacman wurde auf subtile Weise untergraben und ich für meinen Teil habe viel mehr Freude daran, Pepper2 noch einmal zu spielen als Pacman. Der Soundtrack ist lustig und die Grafik ist für Coleco nicht eklig. Dies ist definitiv ein Spiel, das Sie ausprobieren sollten, wenn Ihnen diese Konsole gefällt.
Pitfall II - Lost Caverns (USA)	Sie spielen Pitfall Harry und suchen irgendwo in den Anden nach dem Raj-Diamanten, seiner Nichte Rhonda und verschiedenen Schätzen. Giftige Frösche, Aale, Skorpione, Fledermäuse und andere Gefahren stehen im Weg. Pitfall II ist die Fortsetzung von Pitfall, dem ursprünglichen Plattformspiel. Das Gameplay ist im Großen und Ganzen gleich geblieben, wobei auf jedem Bildschirm eine Seitenansicht der zu überwindenden Hindernisse und potenziell zu sammelnder Schätze angezeigt wird. Die Landschaft ähnelt eher einem Labyrinth mit einer Vielzahl von Pfaden und Sackgassen, die es zu durchsuchen gilt. Unterwegs gibt es Kontrollpunkte, auf die der Spieler stößt. Wenn der Spieler stirbt, wird Pitfall Harry zum zuletzt passierten Kontrollpunkt zurückgeschickt.
Pitfall! (USA)	Pitfall! ist ein Plattform-Actionspiel. Du spielst Pitfall Harry, der tief im Dschungel auf der Suche nach einem Schatz ist. Mit etwas Glück finden Sie Geldsäcke, Silberbarren, Goldbarren und Diamantringe. Aber viele Hindernisse werden Ihnen im Weg stehen, von denen einige lediglich Punkte von Ihrer Punktzahl abziehen, während andere tödlich sind. Wenn man Baumstämme rollt und in ein Loch fällt, werden Punkte abgezogen, und Skorpione, Alligatoren, Schlangen, Abgründe, Sümpfe und Feuer führen dazu, dass Pitfall Harry ein Leben verliert. Sie haben 20 Minuten Zeit, um zu versuchen, alle Schätze auf den zahlreichen Bildschirmen einzusammeln, wenn Sie so lange leben können!
Pitstop (USA)	Ziemlich einfaches Formel-1-Spiel, aber für die damalige Zeit revolutionär, da dieses Spiel die Möglichkeit bietet, an der Box anzuhalten, um die Reifen zu wechseln und aufzutanken. Für lange Strecken könnte daher eine Taktik eingeführt werden, um Zeit zu sparen. Leider sehen alle Strecken gleich aus und sind keine Nachbildungen bestehender Strecken: Schade.
Popeye (USA)	Popeye ist eine Umsetzung des Arcade-Action-/Plattformspiels. Als Popeye versuchst du, Olive Oyls Liebe zu gewinnen! Sie befindet sich oben auf dem Bildschirm und lässt Zeichen ihrer Liebe fallen, die Sie einsammeln müssen, bevor sie auf den Boden fallen. Nachdem Sie die erforderliche Anzahl an Gegenständen gesammelt haben, können Sie zum nächsten, schwierigeren Level übergehen. Es gibt jedoch viele Hindernisse, die Sie daran hindern, Ihre Aufgabe zu erfüllen!
Porky's (USA) (Proto)	Porky's war ein Prototyp-Spiel, das 1983 für ColecoVision entwickelt wurde. Rache ist süß... und du bist darauf aus, sie zu bekommen. Du wurdest bei Porky's „geschnappt“ und willst es umhauen. Die Action ist heiß und heftig und es liegt an Ihnen, Pee Wee auf Trab zu halten. Wenn er der Ablenkung erliegt, ist es die Box! Es macht mehr Spaß als ein eingefettetes Schwein... es ist ein Riesenspaß!
Power Lords - Quest for Volcan (USA) (Proto 2)	Als Superheld Adam Power bist du der Pilot eines Raumschiffs, das um einen Vulkan patrouilliert, und welchen besseren Schutz gibt es für die Bösewichte? Eine riesige Schlange mit Laseraugen windet sich um den Berg und Sie müssen sie zerstören. Sobald die Schlange tot ist, platzieren Sie Ihr Schiff an der Oberfläche. Es folgt eine Schießerei mit Gryptogg, Raygoth und Arkus. Sobald Sie sie besiegt haben, können Sie die unterirdischen Höhlen erkunden.
Q-bert (USA)	Q*bert ist eine Umsetzung des beliebten Arcade-Spiels. Das Ziel besteht darin, alle Kacheln einer Pyramide in die Zielfarbe zu ändern. Dazu führst du Q*bert um die Pyramide und jedes Plättchen, auf das er springt, ändert seine Farbe. In frühen Levels ändert ein einziger Hüpfer das Plättchen in die gewünschte Farbe, aber in späteren Levels müssen Sie möglicherweise mehrmals auf ein Plättchen hüpfen oder es sogar vermeiden, mehrmals auf ein Plättchen zu hüpfen! Viele verschiedene Kreaturen, darunter die Schlange Coily, Slick und Sam sowie fallende Bälle, versuchen, Q*bert aufzuhalten. Am Rand des Bretts befinden sich schwebende Scheiben; Wenn Q*bert auf eine dieser Scheiben springt, während die Schlange sie verfolgt, fällt die Schlange vom Brett, während Q*bert sicher nach oben transportiert wird.
Q-bert's Qubes (USA)	Q*Bert Qubes ist die Fortsetzung des Q*Bert-Spiels und das Gameplay ist ähnlich, aber jetzt dreidimensional. Auch hier besteht Ihr Ziel darin, die mehrfarbigen Blöcke in eine Farbe zu ändern, aber jetzt müssen Sie sicherstellen, dass die Drei sichtbare Seiten der Blöcke entsprechen der Zielfarbe.
Quest for Quintana Roo (USA)	Du bist Sam Yucatan und möchtest den Tempel von Quintana Roo entdecken. Ihr Ziel ist es, den Tresorraum zu finden, der irgendwo darin versteckt ist, und mit dem darin enthaltenen Schatz zurückzukehren. Sie beginnen Ihre Suche außerhalb des Tempels. Giftschlangen und tödliche Blitze blockieren Ihren Fortschritt. Sobald Sie den Tempel betreten, sind Sie in der Luft eingeschränkt. Viele Schlüssel sind in den verschiedenen Räumen des Tempels versteckt und werden benötigt, um den Tresorraum zu öffnen. Die Räume, die Sie erkunden, werden von Schlangen, Spinnen und sogar Mumien bewacht! Um mit diesen Feinden fertig zu werden, trägt man eine Waffe und kann auch Säurefläschchen gegen sie einsetzen. Wenn Sie ein Level erfolgreich abschließen, erhalten Sie einen Geheimcode, mit dem Sie das Spiel später in diesem Level starten können.
River Raid (USA)	River Raid ist ein vertikal scrollendes Actionspiel. Sie fliegen mit einem Jet einen Fluss hinauf, um Brücken zu zerstören, die für den Feind lebenswichtig sind. Der Fluss ist jedoch stark bewacht, und Ballons, Schiffe, Hubschrauber und feindliche Flugzeuge versuchen, Sie aufzuhalten. Unterwegs müssen Sie über Tankstellen fliegen, um Ihren Jet zu tanken und weiter zu fliegen. Das Flugzeug ist mit einer Kanone mit unbegrenzter Munition bewaffnet. Es kann verwendet werden, um feindliche Fahrzeuge und Brücken zu zerstören, aber ein unachtsamer Spieler kann versehentlich eine Tankstelle zerstören. Eine Kollision mit den Flussufern oder mit dem feindlichen Flugzeug zerstört Ihr Flugzeug und lässt Sie ein Leben verlieren.
Robin Hood (USA)	Robin Sie müssen Marian retten, die vom Sheriff von Nottingham in einem Schloss festgehalten wird (und während Sie dort sind, stehlen Sie etwas Gold, um es den Armen zu geben)! Das Spiel findet auf mehreren verschiedenen Bildschirmen mit unterschiedlichen Zielen statt. Zuerst müssen Sie sich einen Weg durch den Sherwood Forest bahnen. Hier verstecken sich viele Anhänger, also schießen Sie sie mit Ihren Pfeilen ab. Der nächste Abschnitt findet außerhalb der Burg statt. Natürlich bewachen viele Anhänger das Burgtor. Während Sie Pfeilen ausweichen, müssen Sie genügend Feinde eliminieren, um die Tür zu öffnen. Sobald die Tür geöffnet ist, können Sie das Schloss für die Schlussszene betreten. Im Inneren des Schlosses finden Sie Marian hinter einer der vielen Türen und das Gold hinter einer anderen.
Roc 'N Rope (USA, Europe)	Sie sind ein Bergsteiger, der beim Aufstieg auf die Klippe Höhlenmenschen, Dinosauriern und Flugsauriern aus dem Weg gehen muss. Ihr Ziel in jedem Level ist es, einen mystischen Vogel zu erklimmen und zu erreichen. Der Bergsteiger verfügt über zwei Fähigkeiten: Er kann das Seil im 45-Grad-Winkel ziehen, um dann auf andere Plattformen zu gelangen, und einen Betäubungsstrahl, der es ihm ermöglicht, Feinden auszuweichen, die ihm zu nahe kommen.
Rock n' Bolt (USA)	Louie der Baumeister bringt die Teile in Position. Die Balken bewegen sich ständig von einer Seite zur anderen. Es ist Ihre Aufgabe, sie zu blockieren und dann dorthin zurückzukehren, wo Sie das Level begonnen haben. Es gibt 100 Level und zwei Arten von Levels. Eines ist nur in der Nähe, die anderen müssen an einem bestimmten Ort platziert werden. Es stehen drei Schwierigkeitsstufen zur Auswahl. Je schwieriger das Level ist, desto mehr wird man bezahlt, und man hat weniger Zeit, das Level zu beenden.
Rocky - Super Action Boxing (USA, Europe)	Colecos Ausflug in die Welt des Boxens basiert auf dem Film Rocky III aus dem Jahr 1982. Spieler haben die Möglichkeit, entweder als Rocky Balboa oder als Clubber Lang zu spielen und in 10 Runden Box-Action gegen ihren Gegner anzutreten. Das Spiel nutzt den Super Action Controller von Coleco, der es den Spielern ermöglicht, mit den Tasten verschiedene Schläge und Blöcke auszuführen und sich mit dem Joystick im Ring zu bewegen. Der Computergegner kann auf 4 verschiedene Fähigkeitsstufen eingestellt werden oder direkt mit einem zweiten Spieler gespielt werden. Der Sieger eines Matches macht einen Siegesstolz zu „Eye Of The Tiger“, dem Titelsong aus dem Film.
Rolloverture (USA)	Der Maestro übernimmt den Taktstock und bereitet das Orchester vor. Aber warte! Alle Noten wurden durcheinander gebracht und Sie müssen dem Maestro, der im Orchestergraben herumläuft, helfen, die Noten wieder in die richtige Reihenfolge zu bringen.
Root Beer Tapper (USA)	Tapper ist ein Actionspiel, in dem Sie ein Bierzapfer (Barkeeper) sind und anspruchsvollen Kunden Bier servieren müssen. Es gibt vier Kunden, jeder hat seine eigene Spur, die länger ist als die vorherige, die man auf Distanz halten muss. Wenn sie das Ende der Gasse erreichen, ohne ihr Bier zu bekommen, bist du verloren; Wenn du einen verpasst und versehentlich unnötig Bier verschüttest, verlierst du ein Leben, und wenn einer von ihnen dir den Krug zurückwirft und du ihn nicht auffängst, verlierst du ebenfalls ein Leben.
Sammy Lightfoot (USA)	Durchlaufen Sie drei Level, indem Sie über Hindernisse springen, die Ihnen im Weg stehen. Benutzen Sie Trampoline und Schaukeln, um an schwer zugängliche Stellen zu gelangen und Gefahren oder Löchern auszuweichen. Gehen Sie zum oberen Bildschirmrand, um zur nächsten Ebene zu gelangen. Sobald alle drei Level abgeschlossen sind, beginnt das Spiel mit erhöhtem Schwierigkeitsgrad erneut. Bevor Sie das Spiel starten, können Sie auf den Optionsbildschirm zugreifen, mit dem Sie das Spiel anpassen können, um einen anderen Spieler einzubeziehen, den Ton auszuschalten oder auf einem bestimmten Level zu beginnen.
Sector Alpha (USA)	Sie melden sich ehrenamtlich im SECTOR ALPHA, einer entfernten Abteilung der Galaktischen Allianz der Erde. Du wusstest, dass es schwer werden würde und dass du vielleicht nicht zurückkommen würdest. Aber jemand muss die Grenzen gegen den Penetrator-Roboter des Throgg-Imperiums verteidigen! Außerdem ist die Bezahlung gut, vorausgesetzt, man überlebt, um Spaß daran zu haben.
Sewer Sam (USA)	Es ist ein wunderschöner Tag und Sam wartet im Central Park auf seine Freundin Sally. Er sieht sie und geht auf sie zu. Er hat nur Augen für sie, bevor ihm klar wird, dass er sich in der Kanalisation von New York befindet. Drei russische U-Boote wurden in der Kanalisation von New York geortet und haben das System blockiert. Der einzige Ausweg aus der Kanalisation besteht darin, die russischen U-Boote zu zerstören. Sam kann nicht zurück... Sobald er die städtischen Abwasserkanäle betritt, versiegelt er den Tunnel. Zum Glück trägt Sam seinen Revolver.
Sir Lancelot (USA)	Eine Jungfrau in Not wird in einem Schloss von einem feuerspeienden Drachen festgehalten! Als Sir Lancelot müssen Sie auf Ihrem geflügelten Pferd Pegasus zur Rettung reiten. Jedes Level in diesem Actionspiel besteht aus zwei Bildschirmen. Zuerst befindest du dich außerhalb der Burg, die von zahlreichen fliegenden Kreaturen bewacht wird. Sie müssen über den Bildschirm fliegen und alle Kreaturen zerstören, indem Sie sie mit Ihrer Lanze treffen (Vorsicht, wenn sie stattdessen Sie treffen, verlieren Sie ein Leben). Nachdem alle Kreaturen verschwunden sind, betreten Sie den zweiten Bildschirm im Inneren des Schlosses. Hier gibt es eine große Lavagrube und einen fliegenden Drachen. Um den Drachen zu vernichten, musst du mit deiner Lanze auf seinen Bauch treffen. Wenn Sie von einem der Feuerbälle des Drachen getroffen werden, sind Sie vorübergehend betäubt und können nicht fliegen. Wenn Sie in die Lava fallen, verlieren Sie ein Leben. Wenn Sie den Drachen besiegen können, wiederholt sich das Spiel auf einem höheren Schwierigkeitsgrad. Das Spiel endet, wenn Sie alle Ihre Leben verlieren.
Skiing (USA)	Skiing ist ein Ski-Spiel. Ziel des Spiels ist es, den Kurs innerhalb der vorgegebenen Zeitspanne erfolgreich zu meistern.
Slither (USA, Europe)	Slither ähnelt dem erfolgreichen Arcade-Spiel Centipede von Atari. Sie steuern Ihre Schlange, während sie über den Bildschirm gleitet. Der große Unterschied zwischen diesem Spiel und Centipede besteht darin, dass Sie gleichzeitig in vier verschiedene Richtungen schießen können, um die Bösewichte auszuschalten, die Sie jagen wollen. Die bösen Schlangen, die dich jagen, erscheinen aus verschiedenen Blickwinkeln auf dem Bildschirm, oft mehrere gleichzeitig. Das Spiel wurde mit dem Roller Controller von Coleco gebündelt und kann nicht ohne diesen gespielt werden.
Slurpy (USA)	Du steuerst Slurpy, einen seltsamen grünen Klecks mit langem Rüssel, der ihn durch eine Höhle bewegt. In jedem Level besteht Ihr Ziel darin, zehn Samen zu essen. In der Zwischenzeit tut das Spiel natürlich sein Bestes, um Sie daran zu hindern, indem es eine Vielzahl verschiedener Monster gegen Sie wirft. Glücklicherweise können fast alle Monster im Spiel gefressen werden. Wenn ein Feind Slurpy berührt, verlierst du ein Leben. Aber wehe dem Feind, der vor Slurpys Rüssel und seiner erstaunlichen Saugkraft verloren geht!
Smurf - Paint 'n' Play WORKSHOP (USA, Europe)	Wählen Sie eine von vier Hintergrundszenen und fügen Sie ClipArt-Objekte, Möbel und Freiformdesign hinzu. Die vier Szenen sind: Vor einem Pilzhaus, In einem Pilzhaus, Die Flussüberquerung und Gargamels Schloss. Erstellen Sie beliebig viele dekorierte Szenarien und verwandeln Sie sich dann mit einem der beiden Controller in einen von vier Charakteren: Schlumpf, Papa Schlumpf, Schlumpfine oder Gargamel, und spielen Sie in der von Ihnen erstellten Grafik herum. Charaktere können sich nach links, rechts, oben, unten bewegen ... springen und fallen lassen.
Smurf - Rescue in Gargamel's Castle (USA, Europe)	Schlumpfine wurde entführt und in Gargamels Schloss eingesperrt. Der Spieler steuert einen Schlumpf und muss über Hindernisse, Spinnen und schließlich bis zu Schlumpfine springen, um sie zu retten. Durch das Abschließen dieser Aufgabe wird das Spiel mit schnelleren Hindernissen neu gestartet und es dauert auch länger (mehr Szenen), bis man zu Gargamels Schloss gelangt.
Space Fury (USA, Europe)	Das Gameplay ähnelt dem von Asteroiden, Ihr Schiff kann sich nur vorwärts bewegen und schießen. Während Sie jedoch in Asteroiden auf Felsbrocken treffen, die Sie nicht verfolgen können, bietet Space Fury stattdessen außerirdische Schiffe, die Sie verfolgen. Jedes außerirdische Schiff besteht zunächst aus 4 Eckstücken, die versuchen, zusammenzukommen. Das Ziehen eines dieser Vorderteile ist möglich und erleichtert die Arbeit. Wenn ein oder mehrere Teile den Mittelpunkt erreichen, verbinden sie sich mit anderen Teilen und beginnen zu schießen und dich zu verfolgen.
Space Panic (USA, Europe)	Ein Spiel, das Lode Runner bemerkenswert ähnelt. Sie spielen einen Astronauten mit begrenztem Sauerstoff (Zeit), der von verschiedenen Außerirdischen verfolgt wird. Ihre einzige Möglichkeit, mit diesen vielfarbigen Bedrohungen aus dem Weltraum umzugehen, besteht darin, ein Loch zu graben, es in ein Loch zu locken und es dann manuell mit dem Alien darin aufzufüllen. Wenn Sie Aliens auf andere Aliens fallen lassen, erhalten Sie zusätzliche Punkte und eliminieren beide. Die Level werden immer schwieriger und die Gegner wachsen schneller.
Spectron (USA)	Der Planetenhaufen Shalix wird von einer intergalaktischen Staubwolke heimgesucht, die seine Sonne blockiert. Jetzt haben die Shalix eine Flotte aufgebaut, um neue Welten zu kolonisieren. Leider haben sie Spectron, die Heimatwelt des Spielers, im Blick. Es liegt am Spieler, die eindringenden Kräfte von Shalix abzuwehren.
Spy Hunter (USA)	Spy Hunter ist eine Umsetzung des Arcade-Spiels das mit einer Ansicht von oben gespielt wird. Ihr Auto ist mit Maschinengewehren ausgestattet, mit denen Sie die zahlreichen Feinde auf der Straße hinter sich lassen können (achten Sie jedoch darauf, keine Zivilisten zu erschießen!). Gelegentlich stoßen Sie auf einen Waffenwagen und fahren in den hinteren Teil des Wagens. Ihr Auto wird dann mit einer zweiten Waffe ausgestattet (z. B. Rauchschutz, Ölteppich oder Raketen). An mehreren Stellen teilt sich die Straße und Sie können ein Bootshaus betreten, das Ihr Auto vorübergehend in ein Boot verwandelt. Wenn Sie weit genug fahren, ändern sich auch die Jahreszeiten (achten Sie auf eisige Bedingungen im Winter!). Die feindlichen Autos werden alles tun, um Sie zu stoppen, einschließlich Sie von der Straße zu drängen, Kanonen von der Rückseite einer Limousine abzufeuern oder Bomben von einem Hubschrauber abzuwerfen.
Squish'em Featuring Sam (USA)	Klettern Sie an einer Reihe von 48-stöckigen Gebäuden hoch, um Koffer voller Geld einzusammeln, und weichen Sie dabei gruseligen Monstern und herabfallenden Gegenständen aus, die Sie umhauen wollen. Glücklicherweise kannst du dich gegen die Monster wehren, indem du sie flach zerschmetterst, indem du ihnen auf den Kopf schlägst. Verweilen Sie jedoch nicht zu lange, denn sie werden bald wieder auferstehen, weiß und unzerstörbar.
Star Trek - Strategic Operations Simulator (USA)	Du übernimmst die Kontrolle über das Enterprise-Schiff. Deine Mission ist es, die NOMAD-Föderation zu retten! Bevor Sie die Chance bekommen, die NOMAD zu zerstören, kämpfen Sie sich durch zehn Level. In jeder Runde können Sie auf klingonische Kämpfer, Untertassen, Asteroidenfelder und Meteore treffen, die alle wahrscheinlich die Energie der Enterprise verbrauchen. Das Spiel endet, wenn Ihre Energie vollständig erschöpft ist. Um diesen Gefahren entgegenzuwirken, ist die Enterprise mit Phasern und einer begrenzten Anzahl Photonentorpedos ausgestattet.
Star Wars - The Arcade Game (USA)	Umsetzung des Ego-Shooters von Atari Games basierend auf dem Original-Star-Wars-Film. Sie übernehmen die Rolle von Luke Skywalker mit dem Ziel, den Todesstern zu zerstören. Dazu müssen Sie, wie jeder Fan weiß, die „Schwachstelle“ in der Nähe des Auspuffs angreifen. Um überhaupt dorthin zu gelangen, muss man Schwärme von TIE Fightern passieren. Schließe das Spiel ab und es wiederholt sich mit zunehmendem Schwierigkeitsgrad. Das Spiel verwendet Vektorgrafiken, die auf vergleichsweise langsamen Systemen viel Action bei hoher Geschwindigkeit ermöglichen.
Steamroller (USA) (Proto)	Reparieren Sie die Schlaglöcher auf der Straße. Wenn ein Wasserball im Weg ist, lassen Sie ihn platzen! Aber Vorsicht vor Strandbomben! Sie fahren auf einer sich ständig verschlechternden Straße, auf der sich Schlaglöcher bilden. Sie müssen über diese Schlaglöcher fahren, um sie zu reparieren. Unterwegs können Sie über Wasserbälle fahren, um Punkte zu sammeln. Lassen Sie ein Schlagloch nicht zu lange stehen, denn sonst wird es zu einem Gully. Wenn ein Wasserball in einen Schacht fällt, entsteht daraus eine Strandbombe, die Ihnen Schaden zufügen kann. Schlagen Sie in einem Spiel mit zwei Spielern Ihren Gegner in die Bomben. Vermeiden Sie in einem Ein-Spieler-Spiel die andere Dampfwalze, da diese Sie außer in den letzten Sekunden der Runde töten wird. In dieser kurzen Zeit wird es getötet, wenn man es trifft.
Strike It! (Europe)	Strike! Strike! Strike! Unser „Strike It“ ist das interessanteste TV-Spiel zwischen verschiedenen Spielarten und hohen Techniken mit einfachster Regelung. Es ist nicht so einfach, den Pin-Pon-Schläger zu halten, um den Ball zu schlagen und auf die Steine zu reflektieren, um hohe Punkte zu erzielen. Daher sind schnelle Überlegungen und Urteilsvermögen erforderlich. Dann richten Sie Ihre volle Aufmerksamkeit auf die Richtung und den Reflexionswinkel des Balls. Scharfes Sehvermögen, schnelle Handkontrolle und kluges Urteilsvermögen sind die Grundvoraussetzungen, um das Spiel zu gewinnen. Probieren Sie es jetzt aus!
Subroc (USA, Europe)	SubRoc 3-D ist ein Shooter, bei dem Sie durch ein Periskop blicken und sowohl auf See- als auch auf Luftziele schießen.
Super Action Baseball (USA)	Super Action Baseball, das einzige Baseballspiel von Colecovision und das erste der Super Action-Reihe, wurde speziell für die Verwendung mit den Super Action-Controllern entwickelt. Das Schlagen erfolgt in einer Schrägansicht, wobei Sie Ihren Schlagmann unten links auf dem Bildschirm und den Werfer in der Mitte rechts sehen. Der obere Teil des Bildschirms ist für die Überwachung der Basen reserviert. Wenn sich der Ball nähert, versucht Ihr Spieler, den Ball mit seinem Schläger zu schlagen, damit er durch die Luft fliegt. Ein erfolgreicher Treffer führt dazu, dass Ihr Spieler um die Bases herumlaufen muss. Das Laufen erfolgt mit dem „Rad“ oben auf den Super Action Controllern. Auch Stehlen ist möglich. Das Aufstellen ist einfach, mit den Super Action-Controllern stehen den Spielern 4 Tasten zur Verfügung, die jeder Basis entsprechen. Dadurch kann der Ball sofort auf jede beliebige Base geworfen werden.
Super Action Football (USA)	Ein weiteres Spiel der Super Action-Reihe, das die Super Action Controller von Coleco nutzt. Spielen Sie gegen den Computer oder messen Sie sich mit einem Freund über vier Viertel Fußball-Action. Treten Sie zurück und werfen Sie die lange Bombe zu Ihrem Wide Receiver, der in der Endzone tanzt, schießen Sie das Field Goal oder führen Sie einen knochenbrechenden Tackle aus, während Sie einen von drei Offensiv- oder drei Defensivspielern steuern. Welchen Siegestanz werden Sie aufführen, wenn Sie in den letzten Sekunden des Spiels über die Torlinie springen?
Super Cobra (USA)	Du bist ein Hubschrauberpilot auf einer Überwachungsmission im feindlichen Gebiet. Dein Ziel ist es, die verschiedenen Hindernisparcours lebend zu überstehen und so viele Punkte wie möglich zu sammeln. Hohe Gebäude, Berge, enge Tunnel und verschiedene Feinde (z. B. Panzer, Raketen, Minen und vieles mehr) können sich dir in den Weg stellen und deinen Hubschrauber zerstören, wenn du nicht aufpasst. Um sich zu verteidigen, ist der Hubschrauber mit einem Maschinengewehr und Bomben bewaffnet, die zur Zerstörung der feindlichen Panzer und Raketen eingesetzt werden können. Erschwerend kommt hinzu, dass Ihr Hubschrauber nur über eine begrenzte Menge an Treibstoff verfügt. Überall in den Landschaften befinden sich Treibstofftanks; wird einer von ihnen abgeschossen oder bombardiert, erhalten Sie zusätzlichen Treibstoff. Im Laufe der Levels werden die Feinde aggressiver, der Treibstoff wird knapper und die Landschaft wird schwieriger zu navigieren.
Super Cross Force (USA, Europe)	Es gibt eine neue Bedrohung in der Galaxie! Der böse Morplus vom Planeten Tzoris. Die Krieger von Morplus sind zweifellos die wildesten in der östlichen Gemeinschaft der Libra-Galaxie. Sie treffen in Zweier- bis Viererteams ein, Wellen mit den gefährlicheren Staffeln treffen später ein. In höheren Levels sind sie nicht mehr aufzuhalten! Was kann man in einem solchen Konflikt tun? Es gibt nur eine Hoffnung: Sie müssen sie aufhalten. Der Schlüssel zu Ihrem Erfolg ist Ihre „Spectron“-Waffe, die einen dualen holografischen Laser erzeugt.
Super DK! (USA) (Proto)	Super Donkey Kong für ColecoVision ist eine gehackte Version des erweiterten Spiels, das für Colecos Adam-Computer entwickelt wurde. Der Hauptunterschied, den Sie bemerken werden, ist die Hinzufügung der Pausensequenzen. Während diese in der Arcade-Version des Spiels vorhanden waren, entschied sich Coleco, sie in der Kassettenversion wegzulassen. Sie sorgen für ein Arcade-ähnlicheres Erlebnis, fügen dem Spiel aber nichts hinzu.
Super DK! Junior (USA) (Proto)	Prototyp-Spiel. Super dk! Junior ist die Fortsetzung des Super DK! Arcade-Spiel. Der Spieler steuert Donkey Kongs Sohn, Donkey Kong Junior, der seinen von Mario gefangenen Vater befreien soll.
Tank Wars (Europe)	Schützen Sie die Radarbasis und sich selbst vor Feinden und machen Sie Fortschritte, indem Sie jeden Panzer ausschalten, dem Sie begegnen. In diesem Spiel kämpfst du mit einem Team aus fünf Panzern in jedem Level gegen 20 feindliche Panzer.
Tarzan (USA, Europe)	Grausame Jäger und die Tiermenschen von Opar haben Tarzans Stamm der Menschenaffen entführt und sie im ganzen Dschungel in Käfigen eingesperrt. Es liegt an Ihnen, die Affen davor zu bewahren, aus ihrem Dschungelheim in die Zoos verschifft zu werden. Retten Sie zunächst Tarzans treuen Affengefährten Nkima aus dem Jägerlager. Einmal befreit. Nkima begleitet dich auf deiner Mission und macht dich mit seinem schrillen Schrei auf versteckte Schlangen und tückische Grubenfallen aufmerksam!
Telly Turtle (USA)	Telly Turtle ist im Grunde eine Portierung der Programmiersprache LOGO, wobei die Hauptfigur eine Schildkröte ist. Die Tastaturtasten des Colecovision werden verwendet, um Befehle aus einer auf dem Bildschirm angezeigten Auswahl auszugeben, und schließlich können Programme erstellt werden, um Telly Turtle in eine Reihe von Richtungen über den Bildschirm zu bewegen. Der Mischung werden auch Musik und Soundeffekte hinzugefügt, um das Programmiererlebnis zu erweitern.
Threshold (USA)	Sie steuern ein Raumschiff am unteren Bildschirmrand und müssen Feinde abschießen, die sich am oberen Bildschirmrand befinden. Um die Sache noch schwieriger zu machen, steht Ihnen eine begrenzte Zeit in Form eines Treibstofftanks zur Verfügung, der nach dem Abschuss wieder aufgefüllt wird . eine bestimmte Anzahl von Wellen. Darüber hinaus ist Ihr Raumschiff mit einem Laser ausgestattet, der zur Überhitzung neigt. Jeder Schuss füllt den Überhitzungsbalken des Lasers. Sobald das Maximum erreicht ist, können Sie nicht mehr schießen und müssen warten, bis der Laser abgekühlt ist.
Time Pilot (USA, Europe)	Time Pilot ist ein Arcade-Shooter. Wenn Sie Ihr vertrauenswürdiges Raumschiff steuern, müssen Sie die angreifenden Geschwader feindlicher Schiffe zerstören! Auf jedem Level gibt es eine Quote an Feinden, die zerstört werden müssen. Nachdem Sie Ihr Kontingent erfüllt haben, wird ein Endgegner des Levels angezeigt. Wenn Sie zerstört sind, gelangen Sie zum nächsten Level. Das Spiel beginnt im Jahr 1910 und jedes Mal, wenn ein Level abgeschlossen ist, rückt man rechtzeitig vor. Im Jahr 1910 muss man sich nur mit relativ unbewaffneten Doppeldeckern auseinandersetzen, aber mit zunehmenden Leveln verbessert sich auch die Technologie. Jedes neue Level bringt härtere, schwerer bewaffnete Flugzeuge mit sich, darunter Jets, Hubschrauber und sogar fliegende Untertassen! Von Zeit zu Zeit stoßen Sie auf einen Fallschirm. Wenn Sie diesen erwischen, erhalten Sie Bonuspunkte.
TOMARC the Barbarian (USA)	Senta wird in einem magischen Käfig gefangen gehalten und Tomarc muss sie retten! In diesem Actionspiel steuerst du Tomarc und Senta gleichzeitig. Tomarc verirrt sich in einer Reihe von Höhlen auf der Suche nach seinem magischen Schwert und muss dann Senta finden, um sie zu befreien. Tödliche Ratten und andere Gefahren müssen vermieden werden. Währenddessen muss sich Senta gegen riesige Fledermäuse und andere Kreaturen verteidigen, während sie im Käfig gefangen ist. Obwohl sie sich nicht bewegen kann, ist sie in der Lage, auf Feinde zu schießen, um sie zu zerstören. Sie können die Bildschirme zwischen den beiden Charakteren wechseln, um auszuwählen, welchen Charakter Sie steuern möchten.
Tournament Tennis (USA)	Die meisten Konventionen, die zum Standard für Tennissimulationen wurden, kommen in diesem frühen Titel vor – tatsächlich wurden viele von ihnen als Vorreiter verwendet. Spiele können auf Viertelfinal-, Halbfinal- oder Endebene gespielt werden. Wenn Sie auf einer Ebene gewinnen, gelangen Sie automatisch in die nächste. Sie können 3 oder 5 Sätze dauern, wobei ein Spieler einen Vorsprung von 2 Spielen benötigt, um einen Satz zu gewinnen, obwohl ein Tie-Break in allen Sätzen bis auf den letzten Satz bei 6:6 endet.
Tunnels & Trolls (USA) (Demo)	Tunnels & Trolls ist das zweite jemals veröffentlichte Fantasy-Rollenspiel. Ein Fantasy-Rollenspiel ist ein Spiel, bei dem ein Anführer, normalerweise als Spielleiter bekannt, ein Abenteuer für eine Gruppe von Freunden erstellt hat und die Freunde das Spiel spielen und versuchen, das Problem zu lösen oder die Prinzessin zu retten oder den Drachen zu töten oder was auch immer . Ken St Andre las und versuchte, das Rollenspiel „That Other Fantasy“ zu verstehen, und beschloss, dass er ein leichter verständliches Rollenspiel erfinden könnte, und so wurde vor über 30 Jahren T&T geboren. Das Spiel hat seitdem mehrere Auflagen erlebt, ist aber nach wie vor beliebt und wird auf der ganzen Welt gespielt. Eine Gruppe von fünf Personen hat die neueste Version erstellt: die Deluxe Tunnels & Trolls.
Turbo (USA, Europe)	In Turbo rasen Sie und mehrere andere Autos durch verschiedene Landschaften. Von der Startlinie an müssen Sie herummanövrieren und an verschiedenen Autos vorbeifahren, die Ihnen im Weg stehen, während Sie in Richtung Ziellinie rasen. Zu den Landschaften, durch die Sie reisen, gehören Stadtstraßen, lange Landstraßen, Küstenstraßen und dunkle Tunnel.
Tutankham (USA)	Tutankham ist ein Arcade-Actionspiel, das aus der Top-Down-Perspektive gespielt wird. Sie sind ein Entdecker im Grab von König Tut auf der Mission, so viele wertvolle Schätze wie möglich zu bergen. Zusätzlich zu den Schätzen finden Sie in jeder Kammer auch einen Schlüssel. Dies wird benötigt, um den Eingang zur nächsten, schwierigeren Kammer freizuschalten. Seien Sie vorsichtig, denn das Grab wird von vielen gefährlichen Kreaturen bewacht! Kobras, Fledermäuse, Skorpione und mehr tauchen alle im Labyrinth auf und führen dazu, dass Sie ein Leben verlieren, wenn Sie erwischt werden! Um sich zu verteidigen, sind Sie mit einer Laserpistole bewaffnet, die Sie nach links oder rechts, aber nicht nach oben oder unten abfeuern können. In jedem der Labyrinthe erhalten Sie außerdem einen „Blitz“, mit dem Sie alle derzeit auf dem Bildschirm angezeigten Kreaturen zerstören können.
Up 'n Down (USA)	Dies ist ein Heimatport eines Sega-Arcade-Spiels aus dem Jahr 1983, das von Bally Midway vertrieben wurde. Das Ziel besteht darin, eine kurvenreiche Strecke zu absolvieren und alle farbigen Flaggen einzusammeln. Sie können über Lücken und über oder auf andere Autos springen. Wenn Sie auf einem anderen Auto landen, töten Sie es und sammeln Punkte. Sie können auch Dinge wie Luftballons und Eistüten sammeln, um Bonuspunkte zu erhalten. Je schneller Sie alle Flaggen sammeln, desto größer ist der Zeitbonus, den Sie erhalten. In späteren Levels gibt es Sackgassen oder Lücken und ein Fahrzeug, das eine Flagge trägt, die Sie benötigen, sodass Sie auf sie springen müssen. Wenn Sie von einem anderen Fahrzeug angefahren werden oder von der Strecke abkommen, verlieren Sie ein Leben. Spielen Sie in Spielen mit zwei Spielern abwechselnd.
Venture (USA, Europe)	Venture ist eine Umsetzung des beliebten Arcade-Spiels. Du kontrollierst Winky, den heldenhaften Abenteurer. Ihr Ziel ist es, so viele Schätze wie möglich zu sammeln, die in zahlreichen Dungeons verstreut sind. In jedem Dungeon gibt es mehrere Kammern, die jeweils einen Schatz enthalten. Nur mit Ihrer Armbrust bewaffnet, müssen Sie an den verschiedenen Kreaturen vorbeikommen, die die Kammer bewachen, sich den Schatz schnappen und es wieder herausschaffen. Wenn Sie den Schatz aus jeder Kammer eines Dungeons einsammeln, können Sie zum nächsten, schwierigeren Dungeon übergehen.
Victory (USA)	Victory basiert auf dem gleichnamigen Arcade-Spiel. Verwenden Sie Ihren Coleco Roller Controller, um Ihr Schiff zu drehen, während der Raum um Sie herum vorbeizieht, drücken Sie den Feuerknopf, um alles auszuschalten, was sich bewegt, und schnappen Sie sich unterwegs ein oder zwei Power-Ups, die Ihnen bei Ihrer Suche helfen. Im Stil ähnlich wie Asteroids, aber mit bewegtem Hintergrund.
Video Hustler (USA) (Proto 2)	Mit Blick über den Tisch spielen Sie eine Billardvariante namens „Pocket Ball“ mit nur sechs Kugeln.
War Room (USA)	War Room ist eine Simulation der computergestützten Kriegsspielszenarien, die auf höchster Ebene der Supermächte der Welt gespielt werden. Es ist eine äußerst anschauliche und realistische Darstellung einer nuklearen Konfrontation zwischen den Vereinigten Staaten und Russland.
WarGames (USA, Europe)	Dieses Strategiespiel basiert auf dem beliebten gleichnamigen Film aus dem Jahr 1983 mit Matthew Broderick. Es erinnert die Leute vielleicht an Missile Command, aber die Action ist langsamer und auf sechs Bildschirme verteilt, die verschiedene Gebiete der USA darstellen. Feindliche Raketen, Flugzeuge und U-Boote werden angreifen und Sie müssen Ihre eigenen Streitkräfte, zu denen Raketen, Flugzeuge, U-Boote usw. gehören, befehligen Satelliten, um sie abzufangen. Jede Verteidigungsart hat Stärken und Schwächen (Raketen sind schnell, haben aber eine begrenzte Reichweite, Flugzeuge sind langsamer, haben aber eine unbegrenzte Reichweite). Satellites bieten eine bessere Allround-Verteidigung, sind aber nur ab und zu verfügbar. Einige Waffen sind in bestimmten Gebieten nicht verfügbar und einige Feinde sind gegen bestimmte Waffen resistent, daher müssen Sie Ihre Strategie entsprechend ändern.
Wing War (USA)	Du steuerst einen Drachen. Du beginnst in einer unterirdischen Höhle, dein Ziel ist es, einen Diamanten zu erbeuten. Dazu müssen Sie zunächst den Geheimgang öffnen, indem Sie einen Feuer-, Wasser- und Luftkristall in Ihre Höhle bringen. Kristalle können gefunden werden, indem Sie die verschiedenen verfügbaren Orte erkunden. Normalerweise müssen Sie Ihre Feinde eliminieren, damit sie zu einem Kristall werden. Sie müssen die Kristalle in der folgenden Reihenfolge zurückbringen: Feuer, Luft, Wasser oder Wasser, Luft, Feuer. Sobald Sie dies getan haben, öffnet ein Superkristall den Geheimgang, sodass Sie versuchen können, an den Diamanten zu kommen! Dein Drache hat eine begrenzte Energiemenge. Wenn du von Feinden getroffen wirst, verlierst du Energie und das Spiel endet, wenn alle deine Drachen ihre gesamte Energie verloren haben.
Wizard of Id's - WizMath (USA)	Ein Lernspiel zum Mathematikunterricht. Mit Ihrem Joystick müssen Sie Blöcke bewegen, um ein mathematisches Problem zu lösen. Wenn Sie auf einen Block tippen, senden Sie ihn, bis er auf eine Wand oder einen anderen Block trifft. Sie können sich auch einem Block stellen und ihn nach Bedarf ziehen. Es gibt ein Limit von 60 Sekunden und Sie werden von Turnkey verfolgt.
Word Feud (USA)	Der Sieg gehört in WORD FEUD nicht immer dem schnellsten Spieler. Es reicht nicht aus, schnell ein wahrscheinliches passendes Wort im Labyrinth zu finden und das Fenster darüber zu bewegen. Sie müssen auch sicher sein, dass es das richtige Wort ist und das bedeutet, dass Sie die andere Kopie finden müssen! Erinnern ? auch wenn Sie glauben, das richtige Wort gefunden zu haben. Es ist möglicherweise nicht das, was Sie wollen, denn in jeder Runde gibt es immer ein Lockwort, das Sie verwirrt. Das Lockwort kann sogar dasselbe Wort sein wie das versteckte, aber mit anderen Farben!
Yolk's on you, The (Europe) (Proto)	Dieses Spiel ist ein Prototyp. Bringen Sie die Eier/Küken auf den Bauernhof und meiden Sie dabei Falken, Füchse und Schlangen. Vermeiden Sie Löcher im Boden und zerschlagen Sie keine Eier.
Zaxxon (USA, Europe)	In diesem isometrisch betrachteten Shoot'em Up, das ursprünglich in den Spielhallen äußerst erfolgreich war, muss das Zaxxon-Verteidigungssystem zerstört werden. Das Spiel besteht aus drei Abschnitten, die Sie zunächst durch Asteroid City führen, das durch Flugzeuge, Kanonen und Raketen stark geschützt ist. Viele Barrieren sind alarmiert, so dass Sie nur begrenzten Raum zum Durchqueren haben und dem Feuer ständig ausgewichen werden muss.
Zenji (USA)	Zenji ist ein Action-/Strategiespiel, bei dem Sie ein rollendes Gesicht durch ein Labyrinth steuern. Jeder Abschnitt des Labyrinths kann durch die Vorderseite gedreht werden. Das Ziel besteht darin, das gesamte Labyrinth grün zu machen, indem jeder Abschnitt des Labyrinths mit der Quelle in der Mitte des Bildschirms verbunden wird. Nachdem alle Abschnitte des Labyrinths verbunden wurden, können Sie mit dem nächsten, anspruchsvolleren Level fortfahren. Sie müssen nicht nur ein Zeitlimit für die Erledigung Ihrer Aufgabe haben, sondern müssen auch den Flammen und Funken aus dem Weg gehen, die durch das Labyrinth wandern. Von Zeit zu Zeit erscheint eine Zahl in einem Labyrinthabschnitt und zählt von 9 bis 0 herunter. Wenn Sie die Zahl berühren, bevor sie verschwindet, erhalten Sie Bonuspunkte. Mit fortschreitendem Level werden die Labyrinthe größer und kniffliger und es erscheinen mehr Flammen.
